<report>
  <scripts>
    <script name="/Projects/player/trunk/fl5/src/com/longtailvideo/jwplayer/utils/Stretcher.as" mod="1300363653000" size="1422" optimizedsize="882">
      <def id="com.longtailvideo.jwplayer.utils:Stretcher" />
      <pre id="Object" />
      <dep id="AS3" />
      <dep id="flash.display:DisplayObject" />
      <dep id="Math" />
    </script>
    <script name="/Projects/player/trunk/fl5/src/com/longtailvideo/jwplayer/parsers/LoadbalanceParser.as" mod="1300363653000" size="1274" optimizedsize="753">
      <def id="com.longtailvideo.jwplayer.parsers:LoadbalanceParser" />
      <pre id="Object" />
      <dep id="AS3" />
      <dep id="com.longtailvideo.jwplayer.utils:Strings" />
      <dep id="XML" />
      <dep id="com.longtailvideo.jwplayer.model:PlaylistItemLevel" />
    </script>
    <script name="/Projects/player/trunk/fl5/src/com/longtailvideo/jwplayer/model/PlayerConfig.as" mod="1308912577000" size="13746" optimizedsize="5250">
      <def id="com.longtailvideo.jwplayer.model:PlayerConfig" />
      <pre id="flash.events:EventDispatcher" />
      <dep id="com.longtailvideo.jwplayer.model:Color" />
      <dep id="com.longtailvideo.jwplayer.controller:RepeatOptions" />
      <dep id="com.longtailvideo.jwplayer.model:PlaylistItem" />
      <dep id="flash.utils:getQualifiedClassName" />
      <dep id="com.longtailvideo.jwplayer.player:PlayerVersion" />
      <dep id="AS3" />
      <dep id="com.longtailvideo.jwplayer.utils:Strings" />
      <dep id="com.longtailvideo.jwplayer.utils:Logger" />
      <dep id="com.longtailvideo.jwplayer.model:PlaylistItemLevel" />
      <dep id="com.longtailvideo.jwplayer.utils:TypeChecker" />
      <dep id="Error" />
      <dep id="com.longtailvideo.jwplayer.plugins:PluginConfig" />
    </script>
    <script name="/Projects/player/trunk/fl5/src/com/longtailvideo/jwplayer/parsers/XSPFParser.as" mod="1300363653000" size="1881" optimizedsize="1284">
      <def id="com.longtailvideo.jwplayer.parsers:XSPFParser" />
      <pre id="com.longtailvideo.jwplayer.parsers:IPlaylistParser" />
      <pre id="Object" />
      <dep id="com.longtailvideo.jwplayer.parsers:JWParser" />
      <dep id="com.longtailvideo.jwplayer.model:PlaylistItem" />
      <dep id="AS3" />
      <dep id="com.longtailvideo.jwplayer.utils:Strings" />
      <dep id="XML" />
    </script>
    <script name="/Developer/SDKs/flex_sdk_4/frameworks/libs/flex.swc(mx.core:FlexMovieClip)" mod="1265215569232" size="971" optimizedsize="577">
      <def id="mx.core:FlexMovieClip" />
      <pre id="flash.display:MovieClip" />
      <dep id="AS3" />
      <dep id="mx.core:mx_internal" />
      <dep id="Error" />
      <dep id="mx.utils:NameUtil" />
    </script>
    <script name="/Projects/player/trunk/fl5/src/com/jeroenwijering/events/PluginInterface.as" mod="1300363653000" size="600" optimizedsize="221">
      <def id="com.jeroenwijering.events:PluginInterface" />
      <pre id="Object" />
      <dep id="com.jeroenwijering.events:AbstractView" />
      <dep id="AS3" />
    </script>
    <script name="/Projects/player/trunk/fl5/src/com/longtailvideo/jwplayer/view/interfaces/IControlbarComponent.as" mod="1308912577000" size="1620" optimizedsize="383">
      <def id="com.longtailvideo.jwplayer.view.interfaces:IControlbarComponent" />
      <pre id="com.longtailvideo.jwplayer.view.interfaces:IPlayerComponent" />
      <pre id="Object" />
      <dep id="com.longtailvideo.jwplayer.events:ComponentEvent" />
      <dep id="AS3" />
      <dep id="com.longtailvideo.jwplayer.events:ViewEvent" />
      <dep id="flash.display:DisplayObject" />
      <dep id="flash.display:MovieClip" />
    </script>
    <script name="/Projects/player/trunk/fl5/libs/as3corelib.swc(com.adobe.serialization.json:JSONTokenType)" mod="1259852018000" size="1069" optimizedsize="525">
      <def id="com.adobe.serialization.json:JSONTokenType" />
      <pre id="Object" />
      <dep id="AS3" />
    </script>
    <script name="/Projects/player/trunk/fl5/src/com/longtailvideo/jwplayer/events/ComponentEvent.as" mod="1308912577000" size="1498" optimizedsize="891">
      <def id="com.longtailvideo.jwplayer.events:ComponentEvent" />
      <pre id="com.longtailvideo.jwplayer.events:PlayerEvent" />
      <dep id="flash.events:Event" />
      <dep id="AS3" />
      <dep id="flash.geom:Rectangle" />
      <dep id="com.longtailvideo.jwplayer.view.interfaces:IPlayerComponent" />
    </script>
    <script name="/Projects/player/trunk/fl5/src/com/longtailvideo/jwplayer/view/components/ControlbarComponent.as" mod="1308912577000" size="20380" optimizedsize="11314">
      <def id="com.longtailvideo.jwplayer.view.components:ControlbarComponent" />
      <pre id="com.longtailvideo.jwplayer.view.interfaces:IControlbarComponent" />
      <pre id="com.longtailvideo.jwplayer.view.components:CoreComponent" />
      <dep id="com.longtailvideo.jwplayer.view.components:ComponentButton" />
      <dep id="flash.events:Event" />
      <dep id="flash.events:KeyboardEvent" />
      <dep id="com.longtailvideo.jwplayer.utils:Strings" />
      <dep id="Math" />
      <dep id="com.longtailvideo.jwplayer.utils:Logger" />
      <dep id="com.longtailvideo.jwplayer.view.components:ControlbarLayoutManager" />
      <dep id="com.longtailvideo.jwplayer.view.components:Slider" />
      <dep id="flash.accessibility:AccessibilityProperties" />
      <dep id="com.longtailvideo.jwplayer.events:PlayerEvent" />
      <dep id="com.longtailvideo.jwplayer.events:ComponentEvent" />
      <dep id="flash.text:TextFormat" />
      <dep id="AS3" />
      <dep id="com.longtailvideo.jwplayer.events:PlayerStateEvent" />
      <dep id="com.longtailvideo.jwplayer.utils:Animations" />
      <dep id="flash.geom:ColorTransform" />
      <dep id="flash.display:Sprite" />
      <dep id="flash.display:MovieClip" />
      <dep id="com.longtailvideo.jwplayer.model:Color" />
      <dep id="flash.text:TextFieldAutoSize" />
      <dep id="com.longtailvideo.jwplayer.events:MediaEvent" />
      <dep id="flash.utils:clearTimeout" />
      <dep id="com.longtailvideo.jwplayer.utils:RootReference" />
      <dep id="Error" />
      <dep id="flash.utils:setTimeout" />
      <dep id="com.longtailvideo.jwplayer.events:PlaylistEvent" />
      <dep id="flash.events:MouseEvent" />
      <dep id="flash.text:TextField" />
      <dep id="com.longtailvideo.jwplayer.events:ViewEvent" />
      <dep id="flash.ui:Mouse" />
      <dep id="com.longtailvideo.jwplayer.player:PlayerState" />
      <dep id="flash.display:DisplayObject" />
      <dep id="com.longtailvideo.jwplayer.player:IPlayer" />
    </script>
    <script name="/Projects/player/trunk/fl5/src/com/longtailvideo/jwplayer/utils/Animations.as" mod="1300363653000" size="2375" optimizedsize="1307">
      <def id="com.longtailvideo.jwplayer.utils:Animations" />
      <pre id="Object" />
      <dep id="flash.events:Event" />
      <dep id="AS3" />
      <dep id="Math" />
      <dep id="flash.display:MovieClip" />
    </script>
    <script name="/Projects/player/trunk/fl5/src/com/longtailvideo/jwplayer/view/interfaces/IPlayerComponent.as" mod="1308912577000" size="1996" optimizedsize="418">
      <def id="com.longtailvideo.jwplayer.view.interfaces:IPlayerComponent" />
      <pre id="com.longtailvideo.jwplayer.events:IGlobalEventDispatcher" />
      <pre id="Object" />
      <dep id="AS3" />
    </script>
    <script name="/Projects/player/trunk/fl5/src/com/longtailvideo/jwplayer/view/View.as" mod="1308912577000" size="15523" optimizedsize="9628">
      <def id="com.longtailvideo.jwplayer.view:View" />
      <pre id="com.longtailvideo.jwplayer.events:GlobalEventDispatcher" />
      <dep id="com.longtailvideo.jwplayer.events:IGlobalEventDispatcher" />
      <dep id="com.longtailvideo.jwplayer.view:IPlayerComponents" />
      <dep id="flash.display:DisplayObjectContainer" />
      <dep id="com.longtailvideo.jwplayer.view:PlayerComponents" />
      <dep id="com.longtailvideo.jwplayer.view:RightclickMenu" />
      <dep id="com.longtailvideo.jwplayer.view.interfaces:ISkin" />
      <dep id="flash.text:TextFormat" />
      <dep id="com.longtailvideo.jwplayer.events:PlayerStateEvent" />
      <dep id="com.longtailvideo.jwplayer.model:Model" />
      <dep id="com.longtailvideo.jwplayer.view:View_ErrorScreen" />
      <dep id="com.longtailvideo.jwplayer.view.interfaces:IPlayerComponent" />
      <dep id="flash.events:TimerEvent" />
      <dep id="flash.display:Bitmap" />
      <dep id="flash.display:StageAlign" />
      <dep id="flash.display:Sprite" />
      <dep id="com.longtailvideo.jwplayer.model:Color" />
      <dep id="com.longtailvideo.jwplayer.player:PlayerV4Emulation" />
      <dep id="flash.geom:Rectangle" />
      <dep id="com.longtailvideo.jwplayer.view:Logo" />
      <dep id="flash.display:Loader" />
      <dep id="flash.text:TextField" />
      <dep id="flash.display:DisplayObject" />
      <dep id="com.longtailvideo.jwplayer.player:PlayerState" />
      <dep id="flash.display:Stage" />
      <dep id="com.longtailvideo.jwplayer.utils:Stretcher" />
      <dep id="flash.system:LoaderContext" />
      <dep id="flash.events:Event" />
      <dep id="flash.display:StageDisplayState" />
      <dep id="com.longtailvideo.jwplayer.utils:Logger" />
      <dep id="com.longtailvideo.jwplayer.plugins:PluginConfig" />
      <dep id="com.longtailvideo.jwplayer.view:View_LoadingScreen" />
      <dep id="com.longtailvideo.jwplayer.events:PlayerEvent" />
      <dep id="com.longtailvideo.jwplayer.player:PlayerVersion" />
      <dep id="AS3" />
      <dep id="com.longtailvideo.jwplayer.plugins:IPlugin" />
      <dep id="com.longtailvideo.jwplayer.view:PlayerLayoutManager" />
      <dep id="flash.display:MovieClip" />
      <dep id="flash.events:ErrorEvent" />
      <dep id="flash.display:StageScaleMode" />
      <dep id="com.longtailvideo.jwplayer.events:MediaEvent" />
      <dep id="com.longtailvideo.jwplayer.utils:RootReference" />
      <dep id="flash.net:URLRequest" />
      <dep id="flash.events:IOErrorEvent" />
      <dep id="Error" />
      <dep id="com.longtailvideo.jwplayer.events:PlaylistEvent" />
      <dep id="com.longtailvideo.jwplayer.events:ViewEvent" />
      <dep id="flash.external:ExternalInterface" />
      <dep id="com.longtailvideo.jwplayer.utils:Draw" />
      <dep id="flash.utils:Timer" />
      <dep id="flash.events:FocusEvent" />
      <dep id="com.longtailvideo.jwplayer.player:IPlayer" />
    </script>
    <script name="/Projects/player/trunk/fl5/src/com/longtailvideo/jwplayer/view/skins/DefaultSkin.as" mod="1300363653000" size="2060" optimizedsize="1324">
      <def id="com.longtailvideo.jwplayer.view.skins:DefaultSkin" />
      <pre id="com.longtailvideo.jwplayer.view.skins:SWFSkin" />
      <dep id="flash.events:Event" />
      <dep id="mx.core:MovieClipLoaderAsset" />
      <dep id="com.longtailvideo.jwplayer.view.skins:DefaultSkin_EmbeddedSkin" />
      <dep id="AS3" />
      <dep id="flash.events:IOErrorEvent" />
      <dep id="flash.display:Loader" />
      <dep id="flash.display:LoaderInfo" />
      <dep id="Error" />
      <dep id="flash.events:ErrorEvent" />
      <dep id="flash.display:MovieClip" />
    </script>
    <script name="/Projects/player/trunk/fl5/src/com/longtailvideo/jwplayer/view/PlayerComponents.as" mod="1300363653000" size="2508" optimizedsize="1485">
      <def id="com.longtailvideo.jwplayer.view:PlayerComponents" />
      <pre id="com.longtailvideo.jwplayer.view:IPlayerComponents" />
      <pre id="Object" />
      <dep id="com.longtailvideo.jwplayer.view.components:DisplayComponent" />
      <dep id="com.longtailvideo.jwplayer.view.skins:SWFSkin" />
      <dep id="com.longtailvideo.jwplayer.view.components:PlaylistComponent" />
      <dep id="com.longtailvideo.jwplayer.view.interfaces:IControlbarComponent" />
      <dep id="com.longtailvideo.jwplayer.view.components:DockComponent" />
      <dep id="com.longtailvideo.jwplayer.view.components:ControlbarComponent" />
      <dep id="com.longtailvideo.jwplayer.plugins:PluginConfig" />
      <dep id="com.longtailvideo.jwplayer.view.interfaces:IDockComponent" />
      <dep id="com.longtailvideo.jwplayer.view.interfaces:IPlaylistComponent" />
      <dep id="com.longtailvideo.jwplayer.view.interfaces:IDisplayComponent" />
      <dep id="com.longtailvideo.jwplayer.view.interfaces:ISkin" />
      <dep id="com.longtailvideo.jwplayer.view.components:ControlbarComponentV4" />
      <dep id="AS3" />
      <dep id="com.longtailvideo.jwplayer.view.interfaces:IPlayerComponent" />
      <dep id="com.longtailvideo.jwplayer.player:IPlayer" />
      <dep id="com.longtailvideo.jwplayer.model:PlayerConfig" />
    </script>
    <script name="/Projects/player/trunk/fl5/src/com/longtailvideo/jwplayer/view/components/PlaylistComponent.as" mod="1308912577000" size="20477" optimizedsize="13173">
      <def id="com.longtailvideo.jwplayer.view.components:PlaylistComponent" />
      <pre id="com.longtailvideo.jwplayer.view.interfaces:IPlaylistComponent" />
      <pre id="com.longtailvideo.jwplayer.view.components:CoreComponent" />
      <dep id="com.longtailvideo.jwplayer.view.skins:SWFSkin" />
      <dep id="flash.events:Event" />
      <dep id="flash.utils:setInterval" />
      <dep id="flash.display:DisplayObjectContainer" />
      <dep id="com.longtailvideo.jwplayer.utils:Strings" />
      <dep id="Math" />
      <dep id="com.longtailvideo.jwplayer.utils:Logger" />
      <dep id="flash.display:LoaderInfo" />
      <dep id="flash.utils:clearInterval" />
      <dep id="com.longtailvideo.jwplayer.view.interfaces:ISkin" />
      <dep id="flash.accessibility:AccessibilityProperties" />
      <dep id="flash.text:TextFormat" />
      <dep id="AS3" />
      <dep id="com.longtailvideo.jwplayer.events:PlayerStateEvent" />
      <dep id="com.longtailvideo.jwplayer.view.skins:DefaultSkin" />
      <dep id="flash.text:TextFormatAlign" />
      <dep id="flash.display:Bitmap" />
      <dep id="com.longtailvideo.jwplayer.view:PlayerLayoutManager" />
      <dep id="flash.geom:ColorTransform" />
      <dep id="flash.utils:Dictionary" />
      <dep id="flash.display:Sprite" />
      <dep id="flash.display:MovieClip" />
      <dep id="com.longtailvideo.jwplayer.model:PlaylistItem" />
      <dep id="com.longtailvideo.jwplayer.model:Color" />
      <dep id="com.longtailvideo.jwplayer.utils:RootReference" />
      <dep id="flash.net:URLRequest" />
      <dep id="com.longtailvideo.jwplayer.utils:Stacker" />
      <dep id="flash.geom:Rectangle" />
      <dep id="flash.events:IOErrorEvent" />
      <dep id="flash.display:Loader" />
      <dep id="Error" />
      <dep id="com.longtailvideo.jwplayer.events:PlaylistEvent" />
      <dep id="flash.events:MouseEvent" />
      <dep id="flash.text:TextField" />
      <dep id="com.longtailvideo.jwplayer.events:ViewEvent" />
      <dep id="com.longtailvideo.jwplayer.utils:Draw" />
      <dep id="flash.display:DisplayObject" />
      <dep id="com.longtailvideo.jwplayer.player:PlayerState" />
      <dep id="com.longtailvideo.jwplayer.view.skins:PNGSkin" />
      <dep id="com.longtailvideo.jwplayer.player:IPlayer" />
      <dep id="com.longtailvideo.jwplayer.utils:Stretcher" />
      <dep id="flash.system:LoaderContext" />
    </script>
    <script name="/Projects/player/trunk/fl5/src/com/longtailvideo/jwplayer/view/components/ControlbarLayoutManager.as" mod="1300363653000" size="4260" optimizedsize="2386">
      <def id="com.longtailvideo.jwplayer.view.components:ControlbarLayoutManager" />
      <pre id="Object" />
      <dep id="com.longtailvideo.jwplayer.view.components:ComponentButton" />
      <dep id="com.longtailvideo.jwplayer.view.components:Slider" />
      <dep id="AS3" />
      <dep id="flash.text:TextField" />
      <dep id="flash.display:DisplayObjectContainer" />
      <dep id="flash.display:DisplayObject" />
      <dep id="com.longtailvideo.jwplayer.view.components:ControlbarComponent" />
      <dep id="RegExp" />
      <dep id="flash.display:Sprite" />
    </script>
    <script name="/Projects/player/trunk/fl5/src/com/longtailvideo/jwplayer/controller/MediaProviderLoader.as" mod="1300363653000" size="1888" optimizedsize="1068">
      <def id="com.longtailvideo.jwplayer.controller:MediaProviderLoader" />
      <pre id="flash.events:EventDispatcher" />
      <dep id="flash.events:Event" />
      <dep id="AS3" />
      <dep id="com.longtailvideo.jwplayer.media:MediaProvider" />
      <dep id="com.longtailvideo.jwplayer.utils:AssetLoader" />
      <dep id="Error" />
      <dep id="flash.events:ErrorEvent" />
    </script>
    <script name="/Projects/player/trunk/fl5/src/com/longtailvideo/jwplayer/view/components/CoreComponent.as" mod="1308912577000" size="5571" optimizedsize="2775">
      <def id="com.longtailvideo.jwplayer.view.components:CoreComponent" />
      <pre id="com.longtailvideo.jwplayer.events:IGlobalEventDispatcher" />
      <pre id="com.longtailvideo.jwplayer.view.interfaces:IPlayerComponent" />
      <pre id="flash.display:MovieClip" />
      <dep id="flash.events:Event" />
      <dep id="com.longtailvideo.jwplayer.model:Color" />
      <dep id="com.longtailvideo.jwplayer.events:ComponentEvent" />
      <dep id="com.longtailvideo.jwplayer.events:PlayerEvent" />
      <dep id="com.longtailvideo.jwplayer.events:GlobalEventDispatcher" />
      <dep id="AS3" />
      <dep id="flash.geom:Rectangle" />
      <dep id="flash.display:DisplayObject" />
      <dep id="com.longtailvideo.jwplayer.player:IPlayer" />
    </script>
    <script name="/Projects/player/trunk/fl5/src/com/longtailvideo/jwplayer/utils/JavascriptSerialization.as" mod="1307455274000" size="2447" optimizedsize="1553">
      <def id="com.longtailvideo.jwplayer.utils:JavascriptSerialization" />
      <pre id="Object" />
      <dep id="com.longtailvideo.jwplayer.model:PlaylistItem" />
      <dep id="flash.utils:getQualifiedClassName" />
      <dep id="com.longtailvideo.jwplayer.model:IPlaylist" />
      <dep id="AS3" />
      <dep id="com.longtailvideo.jwplayer.model:PlaylistItemLevel" />
    </script>
    <script name="/Developer/SDKs/flex_sdk_4/frameworks/libs/flex.swc(mx.core:ByteArrayAsset)" mod="1265215569169" size="608" optimizedsize="298">
      <def id="mx.core:ByteArrayAsset" />
      <pre id="mx.core:IFlexAsset" />
      <pre id="flash.utils:ByteArray" />
      <dep id="AS3" />
      <dep id="mx.core:mx_internal" />
    </script>
    <script name="/Projects/player/trunk/fl5/src/com/longtailvideo/jwplayer/view/components/DockComponent.as" mod="1308912577000" size="7164" optimizedsize="4414">
      <def id="com.longtailvideo.jwplayer.view.components:DockComponent" />
      <pre id="com.longtailvideo.jwplayer.view.components:CoreComponent" />
      <pre id="com.longtailvideo.jwplayer.view.interfaces:IDockComponent" />
      <dep id="com.longtailvideo.jwplayer.view.skins:SWFSkin" />
      <dep id="flash.events:Event" />
      <dep id="com.longtailvideo.jwplayer.utils:RootReference" />
      <dep id="flash.utils:clearTimeout" />
      <dep id="com.longtailvideo.jwplayer.view.components:DockButton" />
      <dep id="flash.events:KeyboardEvent" />
      <dep id="flash.geom:Rectangle" />
      <dep id="Math" />
      <dep id="flash.utils:setTimeout" />
      <dep id="flash.accessibility:AccessibilityProperties" />
      <dep id="flash.events:MouseEvent" />
      <dep id="com.longtailvideo.jwplayer.events:ComponentEvent" />
      <dep id="AS3" />
      <dep id="com.longtailvideo.jwplayer.utils:Animations" />
      <dep id="com.longtailvideo.jwplayer.events:PlayerStateEvent" />
      <dep id="flash.display:DisplayObject" />
      <dep id="com.longtailvideo.jwplayer.player:PlayerState" />
      <dep id="com.longtailvideo.jwplayer.view.components:DockJSButton" />
      <dep id="com.longtailvideo.jwplayer.player:IPlayer" />
      <dep id="flash.display:MovieClip" />
      <dep id="flash.display:Sprite" />
    </script>
    <script name="com/longtailvideo/jwplayer/view/View_LoadingScreen_dataClass.as" mod="1300363650000" size="848" optimizedsize="301">
      <def id="com.longtailvideo.jwplayer.view:View_LoadingScreen_dataClass" />
      <pre id="mx.core:ByteArrayAsset" />
      <dep id="AS3" />
    </script>
    <script name="/Projects/player/trunk/fl5/src/com/longtailvideo/jwplayer/view/skins/SWFSkin.as" mod="1300363653000" size="4811" optimizedsize="3090">
      <def id="com.longtailvideo.jwplayer.view.skins:SWFSkin" />
      <pre id="com.longtailvideo.jwplayer.view.skins:SkinBase" />
      <pre id="com.longtailvideo.jwplayer.view.interfaces:ISkin" />
      <dep id="flash.events:Event" />
      <dep id="AS3" />
      <dep id="flash.text:TextField" />
      <dep id="flash.display:DisplayObjectContainer" />
      <dep id="com.longtailvideo.jwplayer.utils:Draw" />
      <dep id="flash.display:DisplayObject" />
      <dep id="com.longtailvideo.jwplayer.utils:AssetLoader" />
      <dep id="com.longtailvideo.jwplayer.view.skins:SkinProperties" />
      <dep id="Error" />
      <dep id="flash.events:ErrorEvent" />
      <dep id="flash.display:MovieClip" />
      <dep id="flash.display:Sprite" />
    </script>
    <script name="/Projects/player/trunk/fl5/src/com/longtailvideo/jwplayer/events/ViewEvent.as" mod="1308912577000" size="1988" optimizedsize="1215">
      <def id="com.longtailvideo.jwplayer.events:ViewEvent" />
      <pre id="com.longtailvideo.jwplayer.events:PlayerEvent" />
      <dep id="flash.events:Event" />
      <dep id="AS3" />
    </script>
    <script name="/Projects/player/trunk/fl5/src/com/longtailvideo/jwplayer/parsers/ASXParser.as" mod="1300363653000" size="1740" optimizedsize="1169">
      <def id="com.longtailvideo.jwplayer.parsers:ASXParser" />
      <pre id="com.longtailvideo.jwplayer.parsers:IPlaylistParser" />
      <pre id="Object" />
      <dep id="com.longtailvideo.jwplayer.parsers:JWParser" />
      <dep id="com.longtailvideo.jwplayer.model:PlaylistItem" />
      <dep id="AS3" />
      <dep id="com.longtailvideo.jwplayer.utils:Strings" />
      <dep id="XML" />
    </script>
    <script name="/Projects/player/trunk/fl5/src/com/nochump/util/zip/ZipError.as" mod="1300363653000" size="549" optimizedsize="246">
      <def id="com.nochump.util.zip:ZipError" />
      <pre id="flash.errors:IOError" />
      <dep id="AS3" />
    </script>
    <script name="/Projects/player/trunk/fl5/src/com/jeroenwijering/events/ModelStates.as" mod="1300363653000" size="659" optimizedsize="317">
      <def id="com.jeroenwijering.events:ModelStates" />
      <pre id="Object" />
      <dep id="AS3" />
    </script>
    <script name="/Developer/SDKs/flex_sdk_4/frameworks/libs/flex.swc(mx.core:MovieClipLoaderAsset)" mod="1265215568966" size="2858" optimizedsize="1699">
      <def id="mx.core:MovieClipLoaderAsset" />
      <pre id="mx.core:IFlexAsset" />
      <pre id="mx.core:MovieClipAsset" />
      <pre id="mx.core:IFlexDisplayObject" />
      <dep id="flash.events:Event" />
      <dep id="flash.utils:ByteArray" />
      <dep id="AS3" />
      <dep id="mx.core:mx_internal" />
      <dep id="flash.display:Loader" />
      <dep id="flash.system:LoaderContext" />
      <dep id="flash.system:ApplicationDomain" />
    </script>
    <script name="/Projects/player/trunk/fl5/src/com/longtailvideo/jwplayer/events/PlaylistEvent.as" mod="1300363653000" size="1436" optimizedsize="840">
      <def id="com.longtailvideo.jwplayer.events:PlaylistEvent" />
      <pre id="com.longtailvideo.jwplayer.events:PlayerEvent" />
      <dep id="flash.events:Event" />
      <dep id="com.longtailvideo.jwplayer.model:IPlaylist" />
      <dep id="AS3" />
    </script>
    <script name="/Projects/player/trunk/fl5/src/com/longtailvideo/jwplayer/plugins/V4Plugin.as" mod="1300363653000" size="1736" optimizedsize="1061">
      <def id="com.longtailvideo.jwplayer.plugins:V4Plugin" />
      <pre id="com.longtailvideo.jwplayer.plugins:IPlugin" />
      <pre id="flash.display:Sprite" />
      <dep id="AS3" />
      <dep id="com.longtailvideo.jwplayer.player:PlayerV4Emulation" />
      <dep id="flash.display:DisplayObject" />
      <dep id="com.longtailvideo.jwplayer.player:IPlayer" />
      <dep id="com.jeroenwijering.events:PluginInterface" />
      <dep id="com.longtailvideo.jwplayer.plugins:PluginConfig" />
    </script>
    <script name="/Projects/player/trunk/fl5/src/com/longtailvideo/jwplayer/view/Logo.as" mod="1308912577000" size="5174" optimizedsize="3225">
      <def id="com.longtailvideo.jwplayer.view:Logo" />
      <pre id="flash.display:MovieClip" />
      <dep id="flash.events:Event" />
      <dep id="com.longtailvideo.jwplayer.utils:RootReference" />
      <dep id="flash.utils:clearTimeout" />
      <dep id="flash.net:URLRequest" />
      <dep id="com.longtailvideo.jwplayer.utils:Strings" />
      <dep id="flash.net:navigateToURL" />
      <dep id="com.longtailvideo.jwplayer.utils:Logger" />
      <dep id="flash.events:IOErrorEvent" />
      <dep id="RegExp" />
      <dep id="flash.display:Loader" />
      <dep id="flash.utils:setTimeout" />
      <dep id="flash.events:MouseEvent" />
      <dep id="AS3" />
      <dep id="com.longtailvideo.jwplayer.utils:Animations" />
      <dep id="com.longtailvideo.jwplayer.events:PlayerStateEvent" />
      <dep id="flash.display:DisplayObject" />
      <dep id="com.longtailvideo.jwplayer.player:PlayerState" />
      <dep id="com.longtailvideo.jwplayer.player:IPlayer" />
      <dep id="flash.events:ErrorEvent" />
    </script>
    <script name="/Projects/player/trunk/fl5/src/com/nochump/util/zip/ZipEntry.as" mod="1300363653000" size="2782" optimizedsize="1204">
      <def id="com.nochump.util.zip:ZipEntry" />
      <pre id="Object" />
      <dep id="flash.utils:ByteArray" />
      <dep id="Date" />
      <dep id="AS3" />
    </script>
    <script name="/Projects/player/trunk/fl5/src/com/jeroenwijering/events/PlayerEvent.as" mod="1300363653000" size="631" optimizedsize="281">
      <def id="com.jeroenwijering.events:PlayerEvent" />
      <pre id="flash.events:Event" />
      <dep id="AS3" />
    </script>
    <script name="/Projects/player/trunk/fl5/src/com/longtailvideo/jwplayer/view/components/DockJSButton.as" mod="1302850620000" size="2811" optimizedsize="1551">
      <def id="com.longtailvideo.jwplayer.view.components:DockJSButton" />
      <pre id="com.longtailvideo.jwplayer.view.components:ComponentButton" />
      <dep id="flash.events:Event" />
      <dep id="flash.events:MouseEvent" />
      <dep id="flash.net:URLRequest" />
      <dep id="AS3" />
      <dep id="flash.external:ExternalInterface" />
      <dep id="flash.display:DisplayObject" />
      <dep id="com.longtailvideo.jwplayer.utils:Logger" />
      <dep id="flash.events:IOErrorEvent" />
      <dep id="flash.display:Loader" />
      <dep id="flash.events:ErrorEvent" />
    </script>
    <script name="/Projects/player/trunk/fl5/src/com/longtailvideo/jwplayer/controller/LockManager.as" mod="1300363653000" size="1427" optimizedsize="671">
      <def id="com.longtailvideo.jwplayer.controller:LockManager" />
      <pre id="Object" />
      <dep id="AS3" />
      <dep id="com.longtailvideo.jwplayer.plugins:IPlugin" />
    </script>
    <script name="/Projects/player/trunk/fl5/src/com/longtailvideo/jwplayer/media/YouTubeMediaProvider.as" mod="1308912577000" size="7243" optimizedsize="4457">
      <def id="com.longtailvideo.jwplayer.media:YouTubeMediaProvider" />
      <pre id="com.longtailvideo.jwplayer.media:MediaProvider" />
      <dep id="com.longtailvideo.jwplayer.model:PlaylistItem" />
      <dep id="flash.events:Event" />
      <dep id="com.longtailvideo.jwplayer.events:MediaEvent" />
      <dep id="flash.net:URLRequest" />
      <dep id="Math" />
      <dep id="flash.events:IOErrorEvent" />
      <dep id="flash.display:Loader" />
      <dep id="com.longtailvideo.jwplayer.plugins:PluginConfig" />
      <dep id="AS3" />
      <dep id="com.longtailvideo.jwplayer.player:PlayerState" />
      <dep id="flash.utils:Timer" />
      <dep id="flash.events:TimerEvent" />
      <dep id="com.longtailvideo.jwplayer.model:PlayerConfig" />
      <dep id="flash.events:ErrorEvent" />
    </script>
    <script name="/Projects/player/trunk/fl5/src/com/nochump/util/zip/Inflater.as" mod="1300363653000" size="5533" optimizedsize="3650">
      <def id="com.nochump.util.zip:Inflater" />
      <pre id="Object" />
      <dep id="flash.utils:ByteArray" />
      <dep id="AS3" />
      <dep id="flash.utils:Endian" />
      <dep id="Error" />
    </script>
    <script name="com/longtailvideo/jwplayer/view/View_LoadingScreen.as" mod="1300363650000" size="1178" optimizedsize="715">
      <def id="com.longtailvideo.jwplayer.view:View_LoadingScreen" />
      <pre id="mx.core:MovieClipLoaderAsset" />
      <dep id="flash.utils:ByteArray" />
      <dep id="AS3" />
      <dep id="com.longtailvideo.jwplayer.view:View_LoadingScreen_dataClass" />
    </script>
    <script name="/Projects/player/trunk/fl5/src/com/longtailvideo/jwplayer/player/JavascriptAPI.as" mod="1308912577000" size="14260" optimizedsize="7298">
      <def id="com.longtailvideo.jwplayer.player:JavascriptAPI" />
      <pre id="Object" />
      <dep id="flash.events:Event" />
      <dep id="com.longtailvideo.jwplayer.events:MediaEvent" />
      <dep id="com.longtailvideo.jwplayer.view.interfaces:IControlbarComponent" />
      <dep id="com.longtailvideo.jwplayer.utils:RootReference" />
      <dep id="com.longtailvideo.jwplayer.utils:Logger" />
      <dep id="Error" />
      <dep id="com.longtailvideo.jwplayer.view.interfaces:IDockComponent" />
      <dep id="com.longtailvideo.jwplayer.utils:JavascriptSerialization" />
      <dep id="com.longtailvideo.jwplayer.view.interfaces:IDisplayComponent" />
      <dep id="flash.utils:setTimeout" />
      <dep id="com.longtailvideo.jwplayer.view.interfaces:IPlaylistComponent" />
      <dep id="com.longtailvideo.jwplayer.events:PlaylistEvent" />
      <dep id="com.longtailvideo.jwplayer.events:ComponentEvent" />
      <dep id="com.longtailvideo.jwplayer.events:PlayerEvent" />
      <dep id="AS3" />
      <dep id="com.longtailvideo.jwplayer.events:PlayerStateEvent" />
      <dep id="com.longtailvideo.jwplayer.events:ViewEvent" />
      <dep id="flash.external:ExternalInterface" />
      <dep id="com.longtailvideo.jwplayer.view.interfaces:IPlayerComponent" />
      <dep id="flash.utils:Timer" />
      <dep id="com.longtailvideo.jwplayer.player:PlayerState" />
      <dep id="flash.events:TimerEvent" />
      <dep id="com.longtailvideo.jwplayer.player:IPlayer" />
    </script>
    <script name="/Projects/player/trunk/fl5/src/com/longtailvideo/jwplayer/events/MediaEvent.as" mod="1301385039000" size="2601" optimizedsize="1681">
      <def id="com.longtailvideo.jwplayer.events:MediaEvent" />
      <pre id="com.longtailvideo.jwplayer.events:PlayerEvent" />
      <dep id="flash.events:Event" />
      <dep id="AS3" />
    </script>
    <script name="/Projects/player/trunk/fl5/src/com/longtailvideo/jwplayer/view/skins/ZIPSkin.as" mod="1300363653000" size="3275" optimizedsize="2331">
      <def id="com.longtailvideo.jwplayer.view.skins:ZIPSkin" />
      <pre id="com.longtailvideo.jwplayer.view.skins:PNGSkin" />
      <dep id="flash.events:Event" />
      <dep id="com.nochump.util.zip:ZipEntry" />
      <dep id="flash.utils:ByteArray" />
      <dep id="flash.net:URLRequest" />
      <dep id="com.longtailvideo.jwplayer.utils:Strings" />
      <dep id="com.nochump.util.zip:ZipFile" />
      <dep id="flash.events:IOErrorEvent" />
      <dep id="XMLList" />
      <dep id="flash.events:SecurityErrorEvent" />
      <dep id="Error" />
      <dep id="flash.net:URLLoaderDataFormat" />
      <dep id="AS3" />
      <dep id="com.longtailvideo.jwplayer.utils:AssetLoader" />
      <dep id="XML" />
      <dep id="flash.net:URLLoader" />
      <dep id="flash.events:ErrorEvent" />
    </script>
    <script name="/Projects/player/trunk/fl5/src/com/longtailvideo/jwplayer/parsers/JWParser.as" mod="1302611694000" size="1910" optimizedsize="1219">
      <def id="com.longtailvideo.jwplayer.parsers:JWParser" />
      <pre id="Object" />
      <dep id="AS3" />
      <dep id="com.longtailvideo.jwplayer.utils:Strings" />
      <dep id="XML" />
    </script>
    <script name="/Projects/player/trunk/fl5/src/com/jeroenwijering/events/ViewEvent.as" mod="1300363653000" size="1215" optimizedsize="581">
      <def id="com.jeroenwijering.events:ViewEvent" />
      <pre id="flash.events:Event" />
      <dep id="AS3" />
    </script>
    <script name="/Projects/player/trunk/fl5/src/com/longtailvideo/jwplayer/model/Model.as" mod="1307102531000" size="4486" optimizedsize="2206">
      <def id="com.longtailvideo.jwplayer.model:Model" />
      <pre id="com.longtailvideo.jwplayer.events:GlobalEventDispatcher" />
      <dep id="com.longtailvideo.jwplayer.media:YouTubeMediaProvider" />
      <dep id="com.longtailvideo.jwplayer.media:SoundMediaProvider" />
      <dep id="flash.events:Event" />
      <dep id="com.longtailvideo.jwplayer.events:MediaEvent" />
      <dep id="com.longtailvideo.jwplayer.media:MediaProvider" />
      <dep id="com.longtailvideo.jwplayer.media:RTMPMediaProvider" />
      <dep id="com.longtailvideo.jwplayer.media:ImageMediaProvider" />
      <dep id="com.longtailvideo.jwplayer.events:PlayerEvent" />
      <dep id="com.longtailvideo.jwplayer.model:IPlaylist" />
      <dep id="AS3" />
      <dep id="com.longtailvideo.jwplayer.model:Playlist" />
      <dep id="com.longtailvideo.jwplayer.events:PlayerStateEvent" />
      <dep id="com.longtailvideo.jwplayer.media:HTTPMediaProvider" />
      <dep id="com.longtailvideo.jwplayer.player:PlayerState" />
      <dep id="com.longtailvideo.jwplayer.media:VideoMediaProvider" />
      <dep id="com.longtailvideo.jwplayer.model:PlayerConfig" />
    </script>
    <script name="/Projects/player/trunk/fl5/src/com/longtailvideo/jwplayer/plugins/IPlugin.as" mod="1300363653000" size="925" optimizedsize="319">
      <def id="com.longtailvideo.jwplayer.plugins:IPlugin" />
      <pre id="Object" />
      <dep id="AS3" />
      <dep id="com.longtailvideo.jwplayer.player:IPlayer" />
      <dep id="com.longtailvideo.jwplayer.plugins:PluginConfig" />
    </script>
    <script name="/Projects/player/trunk/fl5/src/com/longtailvideo/jwplayer/view/skins/SkinProperties.as" mod="1300363653000" size="876" optimizedsize="442">
      <def id="com.longtailvideo.jwplayer.view.skins:SkinProperties" />
      <pre id="Object" />
      <dep id="AS3" />
    </script>
    <script name="/Projects/player/trunk/fl5/src/com/longtailvideo/jwplayer/utils/Stacker.as" mod="1300363653000" size="2898" optimizedsize="1869">
      <def id="com.longtailvideo.jwplayer.utils:Stacker" />
      <pre id="Object" />
      <dep id="AS3" />
      <dep id="flash.display:DisplayObject" />
      <dep id="flash.display:InteractiveObject" />
      <dep id="Math" />
      <dep id="flash.display:MovieClip" />
    </script>
    <script name="com/longtailvideo/jwplayer/view/skins/DefaultSkin_EmbeddedSkin.as" mod="1306751023000" size="1246" optimizedsize="745">
      <def id="com.longtailvideo.jwplayer.view.skins:DefaultSkin_EmbeddedSkin" />
      <pre id="mx.core:MovieClipLoaderAsset" />
      <dep id="com.longtailvideo.jwplayer.view.skins:DefaultSkin_EmbeddedSkin_dataClass" />
      <dep id="flash.utils:ByteArray" />
      <dep id="AS3" />
    </script>
    <script name="/Projects/player/trunk/fl5/src/com/longtailvideo/jwplayer/parsers/RSSParser.as" mod="1300363653000" size="1749" optimizedsize="1182">
      <def id="com.longtailvideo.jwplayer.parsers:RSSParser" />
      <pre id="com.longtailvideo.jwplayer.parsers:IPlaylistParser" />
      <pre id="Object" />
      <dep id="com.longtailvideo.jwplayer.parsers:JWParser" />
      <dep id="com.longtailvideo.jwplayer.model:PlaylistItem" />
      <dep id="com.longtailvideo.jwplayer.parsers:MediaParser" />
      <dep id="AS3" />
      <dep id="com.longtailvideo.jwplayer.utils:Strings" />
      <dep id="com.longtailvideo.jwplayer.parsers:ItunesParser" />
      <dep id="XML" />
    </script>
    <script name="/Projects/player/trunk/fl5/src/com/longtailvideo/jwplayer/controller/TaskQueue.as" mod="1300363653000" size="2426" optimizedsize="1315">
      <def id="com.longtailvideo.jwplayer.controller:TaskQueue" />
      <pre id="flash.events:EventDispatcher" />
      <dep id="flash.events:Event" />
      <dep id="com.longtailvideo.jwplayer.events:PlayerEvent" />
      <dep id="AS3" />
      <dep id="flash.utils:Dictionary" />
      <dep id="flash.events:ErrorEvent" />
    </script>
    <script name="/Developer/SDKs/flex_sdk_4/frameworks/libs/flex.swc(mx.core:IRepeaterClient)" mod="1265215569013" size="1209" optimizedsize="321">
      <def id="mx.core:IRepeaterClient" />
      <pre id="Object" />
      <dep id="AS3" />
    </script>
    <script name="/Projects/player/trunk/fl5/src/com/longtailvideo/jwplayer/events/PlayerStateEvent.as" mod="1300363653000" size="1269" optimizedsize="657">
      <def id="com.longtailvideo.jwplayer.events:PlayerStateEvent" />
      <pre id="com.longtailvideo.jwplayer.events:PlayerEvent" />
      <dep id="flash.events:Event" />
      <dep id="AS3" />
    </script>
    <script name="/Projects/player/trunk/fl5/src/com/longtailvideo/jwplayer/utils/AssetLoader.as" mod="1306751024000" size="4287" optimizedsize="2531">
      <def id="com.longtailvideo.jwplayer.utils:AssetLoader" />
      <pre id="flash.events:EventDispatcher" />
      <dep id="flash.events:Event" />
      <dep id="com.longtailvideo.jwplayer.utils:RootReference" />
      <dep id="flash.utils:ByteArray" />
      <dep id="flash.net:URLRequest" />
      <dep id="com.longtailvideo.jwplayer.utils:Strings" />
      <dep id="flash.events:IOErrorEvent" />
      <dep id="flash.display:LoaderInfo" />
      <dep id="flash.display:Loader" />
      <dep id="flash.events:SecurityErrorEvent" />
      <dep id="flash.system:ApplicationDomain" />
      <dep id="flash.events:HTTPStatusEvent" />
      <dep id="Error" />
      <dep id="flash.system:SecurityDomain" />
      <dep id="AS3" />
      <dep id="flash.net:URLLoader" />
      <dep id="flash.system:LoaderContext" />
      <dep id="flash.events:ErrorEvent" />
    </script>
    <script name="/Projects/player/trunk/fl5/libs/as3corelib.swc(com.adobe.serialization.json:JSONTokenizer)" mod="1259852018000" size="6750" optimizedsize="4053">
      <def id="com.adobe.serialization.json:JSONTokenizer" />
      <pre id="Object" />
      <dep id="com.adobe.serialization.json:JSONParseError" />
      <dep id="AS3" />
      <dep id="com.adobe.serialization.json:JSONToken" />
      <dep id="RegExp" />
      <dep id="com.adobe.serialization.json:JSONTokenType" />
    </script>
    <script name="/Projects/player/trunk/fl5/src/com/longtailvideo/jwplayer/model/PlaylistItem.as" mod="1306751024000" size="5137" optimizedsize="2610">
      <def id="com.longtailvideo.jwplayer.model:PlaylistItem" />
      <pre id="Object" />
      <dep id="AS3" />
      <dep id="com.longtailvideo.jwplayer.utils:Strings" />
      <dep id="com.longtailvideo.jwplayer.model:PlaylistItemLevel" />
      <dep id="Error" />
    </script>
    <script name="com/longtailvideo/jwplayer/view/View_ErrorScreen_dataClass.as" mod="1300363650000" size="833" optimizedsize="297">
      <def id="com.longtailvideo.jwplayer.view:View_ErrorScreen_dataClass" />
      <pre id="mx.core:ByteArrayAsset" />
      <dep id="AS3" />
    </script>
    <script name="/Projects/player/trunk/fl5/src/com/longtailvideo/jwplayer/media/SoundMediaProvider.as" mod="1307102530000" size="5598" optimizedsize="3384">
      <def id="com.longtailvideo.jwplayer.media:SoundMediaProvider" />
      <pre id="com.longtailvideo.jwplayer.media:MediaProvider" />
      <dep id="com.longtailvideo.jwplayer.model:PlaylistItem" />
      <dep id="flash.utils:setInterval" />
      <dep id="flash.events:Event" />
      <dep id="com.longtailvideo.jwplayer.events:MediaEvent" />
      <dep id="flash.net:URLRequest" />
      <dep id="flash.media:ID3Info" />
      <dep id="Math" />
      <dep id="flash.media:SoundTransform" />
      <dep id="flash.events:IOErrorEvent" />
      <dep id="flash.media:SoundLoaderContext" />
      <dep id="Error" />
      <dep id="flash.utils:clearInterval" />
      <dep id="flash.media:SoundChannel" />
      <dep id="flash.events:ProgressEvent" />
      <dep id="AS3" />
      <dep id="com.longtailvideo.jwplayer.player:PlayerState" />
      <dep id="com.longtailvideo.jwplayer.model:PlayerConfig" />
      <dep id="flash.events:ErrorEvent" />
      <dep id="flash.media:Sound" />
    </script>
    <script name="/Projects/player/trunk/fl5/src/com/longtailvideo/jwplayer/parsers/IPlaylistParser.as" mod="1300363653000" size="633" optimizedsize="220">
      <def id="com.longtailvideo.jwplayer.parsers:IPlaylistParser" />
      <pre id="Object" />
      <dep id="AS3" />
      <dep id="XML" />
    </script>
    <script name="/Projects/player/trunk/fl5/src/com/nochump/util/zip/ZipFile.as" mod="1300363653000" size="3036" optimizedsize="1929">
      <def id="com.nochump.util.zip:ZipFile" />
      <pre id="Object" />
      <dep id="com.nochump.util.zip:Inflater" />
      <dep id="com.nochump.util.zip:ZipEntry" />
      <dep id="flash.utils:ByteArray" />
      <dep id="AS3" />
      <dep id="flash.utils:Endian" />
      <dep id="Math" />
      <dep id="com.nochump.util.zip:ZipConstants" />
      <dep id="flash.utils:IDataInput" />
      <dep id="com.nochump.util.zip:ZipError" />
      <dep id="flash.utils:Dictionary" />
    </script>
    <script name="/Projects/player/trunk/fl5/src/com/nochump/util/zip/ZipConstants.as" mod="1300363653000" size="1150" optimizedsize="596">
      <def id="com.nochump.util.zip:ZipConstants" />
      <pre id="Object" />
      <dep id="AS3" />
    </script>
    <script name="/Projects/player/trunk/fl5/src/com/longtailvideo/jwplayer/player/JavascriptCompatibilityAPI.as" mod="1300363653000" size="5978" optimizedsize="3161">
      <def id="com.longtailvideo.jwplayer.player:JavascriptCompatibilityAPI" />
      <pre id="com.longtailvideo.jwplayer.player:JavascriptAPI" />
      <dep id="com.longtailvideo.jwplayer.utils:JavascriptSerialization" />
      <dep id="flash.utils:setTimeout" />
      <dep id="com.jeroenwijering.events:ViewEvent" />
      <dep id="com.longtailvideo.jwplayer.events:PlayerEvent" />
      <dep id="AS3" />
      <dep id="com.longtailvideo.jwplayer.player:PlayerV4Emulation" />
      <dep id="flash.external:ExternalInterface" />
      <dep id="com.jeroenwijering.events:ControllerEvent" />
      <dep id="com.longtailvideo.jwplayer.utils:Logger" />
      <dep id="com.jeroenwijering.events:ModelEvent" />
      <dep id="com.longtailvideo.jwplayer.player:IPlayer" />
      <dep id="Error" />
    </script>
    <script name="/Projects/player/trunk/fl5/src/com/longtailvideo/jwplayer/controller/PlayerSetup.as" mod="1306751024000" size="7013" optimizedsize="4160">
      <def id="com.longtailvideo.jwplayer.controller:PlayerSetup" />
      <pre id="flash.events:EventDispatcher" />
      <dep id="com.longtailvideo.jwplayer.view.skins:SWFSkin" />
      <dep id="flash.events:Event" />
      <dep id="com.longtailvideo.jwplayer.utils:Strings" />
      <dep id="com.longtailvideo.jwplayer.utils:Configger" />
      <dep id="com.longtailvideo.jwplayer.utils:Logger" />
      <dep id="com.longtailvideo.jwplayer.plugins:PluginConfig" />
      <dep id="com.longtailvideo.jwplayer.view:View" />
      <dep id="com.longtailvideo.jwplayer.view.interfaces:ISkin" />
      <dep id="com.longtailvideo.jwplayer.view.skins:ZIPSkin" />
      <dep id="com.longtailvideo.jwplayer.events:PlayerEvent" />
      <dep id="AS3" />
      <dep id="com.longtailvideo.jwplayer.model:Model" />
      <dep id="com.longtailvideo.jwplayer.view.skins:DefaultSkin" />
      <dep id="com.longtailvideo.jwplayer.plugins:IPlugin" />
      <dep id="com.jeroenwijering.events:PluginInterface" />
      <dep id="flash.events:ErrorEvent" />
      <dep id="com.longtailvideo.jwplayer.plugins:V4Plugin" />
      <dep id="com.longtailvideo.jwplayer.controller:PluginLoader" />
      <dep id="com.longtailvideo.jwplayer.view.skins:SkinProperties" />
      <dep id="com.longtailvideo.jwplayer.controller:TaskQueue" />
      <dep id="Error" />
      <dep id="com.longtailvideo.jwplayer.events:PlaylistEvent" />
      <dep id="flash.display:DisplayObject" />
      <dep id="com.longtailvideo.jwplayer.view.skins:PNGSkin" />
      <dep id="com.longtailvideo.jwplayer.player:IPlayer" />
    </script>
    <script name="/Projects/player/trunk/fl5/src/com/longtailvideo/jwplayer/controller/Controller.as" mod="1308912577000" size="14828" optimizedsize="7917">
      <def id="com.longtailvideo.jwplayer.controller:Controller" />
      <pre id="com.longtailvideo.jwplayer.events:GlobalEventDispatcher" />
      <dep id="com.longtailvideo.jwplayer.controller:MediaProviderLoader" />
      <dep id="flash.events:Event" />
      <dep id="com.longtailvideo.jwplayer.controller:LockManager" />
      <dep id="com.longtailvideo.jwplayer.utils:Configger" />
      <dep id="com.longtailvideo.jwplayer.utils:Logger" />
      <dep id="Math" />
      <dep id="com.longtailvideo.jwplayer.view:View" />
      <dep id="com.longtailvideo.jwplayer.events:PlayerEvent" />
      <dep id="com.longtailvideo.jwplayer.events:PlayerStateEvent" />
      <dep id="AS3" />
      <dep id="com.longtailvideo.jwplayer.model:Model" />
      <dep id="com.longtailvideo.jwplayer.plugins:IPlugin" />
      <dep id="flash.events:ErrorEvent" />
      <dep id="com.longtailvideo.jwplayer.model:PlaylistItem" />
      <dep id="com.longtailvideo.jwplayer.parsers:JWParser" />
      <dep id="com.longtailvideo.jwplayer.events:MediaEvent" />
      <dep id="com.longtailvideo.jwplayer.utils:RootReference" />
      <dep id="com.jeroenwijering.events:ModelStates" />
      <dep id="Error" />
      <dep id="com.longtailvideo.jwplayer.controller:RepeatOptions" />
      <dep id="com.longtailvideo.jwplayer.events:PlaylistEvent" />
      <dep id="com.longtailvideo.jwplayer.events:ViewEvent" />
      <dep id="com.longtailvideo.jwplayer.controller:PlayerSetup" />
      <dep id="com.longtailvideo.jwplayer.player:PlayerState" />
      <dep id="com.longtailvideo.jwplayer.player:IPlayer" />
    </script>
    <script name="/Projects/player/trunk/fl5/src/com/longtailvideo/jwplayer/parsers/ItunesParser.as" mod="1300363653000" size="1241" optimizedsize="777">
      <def id="com.longtailvideo.jwplayer.parsers:ItunesParser" />
      <pre id="Object" />
      <dep id="AS3" />
      <dep id="com.longtailvideo.jwplayer.utils:Strings" />
      <dep id="XML" />
    </script>
    <script name="/Projects/player/trunk/fl5/src/com/longtailvideo/jwplayer/plugins/PluginConfig.as" mod="1301385039000" size="872" optimizedsize="394">
      <def id="com.longtailvideo.jwplayer.plugins:PluginConfig" />
      <pre id="Object" />
      <dep id="AS3" />
    </script>
    <script name="/Projects/player/trunk/fl5/src/com/longtailvideo/jwplayer/view/interfaces/ISkin.as" mod="1300363653000" size="1633" optimizedsize="503">
      <def id="com.longtailvideo.jwplayer.view.interfaces:ISkin" />
      <pre id="flash.events:IEventDispatcher" />
      <pre id="Object" />
      <dep id="flash.events:Event" />
      <dep id="AS3" />
      <dep id="flash.display:DisplayObject" />
      <dep id="com.longtailvideo.jwplayer.view.skins:SkinProperties" />
      <dep id="flash.display:Sprite" />
      <dep id="flash.events:ErrorEvent" />
    </script>
    <script name="/Projects/player/trunk/fl5/src/com/longtailvideo/jwplayer/utils/TypeChecker.as" mod="1306751024000" size="2441" optimizedsize="1664">
      <def id="com.longtailvideo.jwplayer.utils:TypeChecker" />
      <pre id="Object" />
      <dep id="com.longtailvideo.jwplayer.model:Color" />
      <dep id="flash.utils:describeType" />
      <dep id="AS3" />
      <dep id="XML" />
      <dep id="XMLList" />
    </script>
    <script name="/Projects/player/trunk/fl5/src/com/longtailvideo/jwplayer/parsers/ATOMParser.as" mod="1300363653000" size="1657" optimizedsize="1100">
      <def id="com.longtailvideo.jwplayer.parsers:ATOMParser" />
      <pre id="com.longtailvideo.jwplayer.parsers:IPlaylistParser" />
      <pre id="Object" />
      <dep id="com.longtailvideo.jwplayer.parsers:JWParser" />
      <dep id="com.longtailvideo.jwplayer.model:PlaylistItem" />
      <dep id="com.longtailvideo.jwplayer.parsers:MediaParser" />
      <dep id="AS3" />
      <dep id="com.longtailvideo.jwplayer.utils:Strings" />
      <dep id="XML" />
    </script>
    <script name="/Projects/player/trunk/fl5/src/com/longtailvideo/jwplayer/media/VideoMediaProvider.as" mod="1306751024000" size="7183" optimizedsize="4489">
      <def id="com.longtailvideo.jwplayer.media:VideoMediaProvider" />
      <pre id="com.longtailvideo.jwplayer.media:MediaProvider" />
      <dep id="com.longtailvideo.jwplayer.model:PlaylistItem" />
      <dep id="flash.utils:setInterval" />
      <dep id="com.longtailvideo.jwplayer.events:MediaEvent" />
      <dep id="com.longtailvideo.jwplayer.utils:NetClient" />
      <dep id="flash.events:AsyncErrorEvent" />
      <dep id="com.longtailvideo.jwplayer.utils:Strings" />
      <dep id="com.longtailvideo.jwplayer.utils:Configger" />
      <dep id="flash.media:SoundTransform" />
      <dep id="Math" />
      <dep id="flash.events:IOErrorEvent" />
      <dep id="flash.utils:setTimeout" />
      <dep id="flash.utils:clearInterval" />
      <dep id="AS3" />
      <dep id="com.longtailvideo.jwplayer.player:PlayerState" />
      <dep id="flash.net:NetStream" />
      <dep id="flash.media:Video" />
      <dep id="com.longtailvideo.jwplayer.model:PlayerConfig" />
      <dep id="flash.net:NetConnection" />
      <dep id="flash.events:ErrorEvent" />
      <dep id="flash.events:NetStatusEvent" />
    </script>
    <script name="/Projects/player/trunk/fl5/src/com/longtailvideo/jwplayer/utils/Logger.as" mod="1300363653000" size="2733" optimizedsize="1730">
      <def id="com.longtailvideo.jwplayer.utils:Logger" />
      <pre id="Object" />
      <dep id="flash.events:Event" />
      <dep id="flash.net:LocalConnection" />
      <dep id="flash.events:AsyncErrorEvent" />
      <dep id="AS3" />
      <dep id="trace" />
      <dep id="flash.external:ExternalInterface" />
      <dep id="com.longtailvideo.jwplayer.utils:Strings" />
      <dep id="flash.events:StatusEvent" />
      <dep id="flash.events:SecurityErrorEvent" />
      <dep id="com.longtailvideo.jwplayer.model:PlayerConfig" />
      <dep id="Error" />
    </script>
    <script name="/Projects/player/trunk/fl5/src/com/longtailvideo/jwplayer/player/PlayerState.as" mod="1300363653000" size="657" optimizedsize="308">
      <def id="com.longtailvideo.jwplayer.player:PlayerState" />
      <pre id="Object" />
      <dep id="AS3" />
    </script>
    <script name="/Projects/player/trunk/fl5/src/com/longtailvideo/jwplayer/parsers/SMILParser.as" mod="1300363653000" size="2468" optimizedsize="1568">
      <def id="com.longtailvideo.jwplayer.parsers:SMILParser" />
      <pre id="com.longtailvideo.jwplayer.parsers:IPlaylistParser" />
      <pre id="Object" />
      <dep id="com.longtailvideo.jwplayer.parsers:JWParser" />
      <dep id="com.longtailvideo.jwplayer.model:PlaylistItem" />
      <dep id="AS3" />
      <dep id="com.longtailvideo.jwplayer.utils:Strings" />
      <dep id="XML" />
    </script>
    <script name="/Projects/player/trunk/fl5/src/com/longtailvideo/jwplayer/view/components/ControlbarComponentV4.as" mod="1308912577000" size="16123" optimizedsize="10007">
      <def id="com.longtailvideo.jwplayer.view.components:ControlbarComponentV4" />
      <pre id="com.longtailvideo.jwplayer.view.interfaces:IControlbarComponent" />
      <pre id="com.longtailvideo.jwplayer.view.components:CoreComponent" />
      <dep id="flash.events:Event" />
      <dep id="flash.events:KeyboardEvent" />
      <dep id="com.longtailvideo.jwplayer.utils:Strings" />
      <dep id="Math" />
      <dep id="com.longtailvideo.jwplayer.utils:Logger" />
      <dep id="com.longtailvideo.jwplayer.plugins:PluginConfig" />
      <dep id="flash.accessibility:AccessibilityProperties" />
      <dep id="com.longtailvideo.jwplayer.events:PlayerEvent" />
      <dep id="AS3" />
      <dep id="com.longtailvideo.jwplayer.utils:Animations" />
      <dep id="com.longtailvideo.jwplayer.events:PlayerStateEvent" />
      <dep id="com.longtailvideo.jwplayer.view:PlayerLayoutManager" />
      <dep id="flash.geom:ColorTransform" />
      <dep id="flash.display:Sprite" />
      <dep id="flash.display:MovieClip" />
      <dep id="com.longtailvideo.jwplayer.events:MediaEvent" />
      <dep id="flash.utils:clearTimeout" />
      <dep id="com.longtailvideo.jwplayer.utils:RootReference" />
      <dep id="com.longtailvideo.jwplayer.utils:Stacker" />
      <dep id="flash.geom:Rectangle" />
      <dep id="Error" />
      <dep id="flash.utils:setTimeout" />
      <dep id="com.longtailvideo.jwplayer.events:PlaylistEvent" />
      <dep id="flash.events:MouseEvent" />
      <dep id="com.longtailvideo.jwplayer.events:ViewEvent" />
      <dep id="flash.text:TextField" />
      <dep id="flash.ui:Mouse" />
      <dep id="com.longtailvideo.jwplayer.utils:Draw" />
      <dep id="com.longtailvideo.jwplayer.player:PlayerState" />
      <dep id="flash.display:DisplayObject" />
      <dep id="com.longtailvideo.jwplayer.player:IPlayer" />
    </script>
    <script name="/Projects/player/trunk/fl5/src/com/longtailvideo/jwplayer/view/components/DisplayComponent.as" mod="1308912577000" size="12008" optimizedsize="6913">
      <def id="com.longtailvideo.jwplayer.view.components:DisplayComponent" />
      <pre id="com.longtailvideo.jwplayer.view.interfaces:IDisplayComponent" />
      <pre id="com.longtailvideo.jwplayer.view.components:CoreComponent" />
      <dep id="flash.utils:setInterval" />
      <dep id="com.longtailvideo.jwplayer.utils:Strings" />
      <dep id="Math" />
      <dep id="flash.utils:clearInterval" />
      <dep id="com.longtailvideo.jwplayer.events:PlayerEvent" />
      <dep id="com.longtailvideo.jwplayer.events:ComponentEvent" />
      <dep id="flash.text:TextFormat" />
      <dep id="AS3" />
      <dep id="com.longtailvideo.jwplayer.events:PlayerStateEvent" />
      <dep id="flash.text:TextFormatAlign" />
      <dep id="flash.display:Bitmap" />
      <dep id="flash.events:TimerEvent" />
      <dep id="flash.display:Sprite" />
      <dep id="flash.display:MovieClip" />
      <dep id="com.longtailvideo.jwplayer.events:MediaEvent" />
      <dep id="flash.text:GridFitType" />
      <dep id="flash.net:URLRequest" />
      <dep id="flash.geom:Rectangle" />
      <dep id="flash.net:navigateToURL" />
      <dep id="Error" />
      <dep id="com.longtailvideo.jwplayer.events:PlaylistEvent" />
      <dep id="flash.events:MouseEvent" />
      <dep id="com.longtailvideo.jwplayer.events:ViewEvent" />
      <dep id="flash.text:TextField" />
      <dep id="com.longtailvideo.jwplayer.utils:Draw" />
      <dep id="flash.display:DisplayObject" />
      <dep id="com.longtailvideo.jwplayer.player:PlayerState" />
      <dep id="flash.utils:Timer" />
      <dep id="com.longtailvideo.jwplayer.view.skins:PNGSkin" />
      <dep id="com.longtailvideo.jwplayer.player:IPlayer" />
    </script>
    <script name="/Projects/player/trunk/fl5/src/com/longtailvideo/jwplayer/media/MediaProvider.as" mod="1306751024000" size="7236" optimizedsize="3153">
      <def id="com.longtailvideo.jwplayer.media:MediaProvider" />
      <pre id="com.longtailvideo.jwplayer.events:IGlobalEventDispatcher" />
      <pre id="flash.display:Sprite" />
      <dep id="com.longtailvideo.jwplayer.model:PlaylistItem" />
      <dep id="flash.events:Event" />
      <dep id="com.longtailvideo.jwplayer.events:MediaEvent" />
      <dep id="com.longtailvideo.jwplayer.events:GlobalEventDispatcher" />
      <dep id="AS3" />
      <dep id="com.longtailvideo.jwplayer.events:PlayerStateEvent" />
      <dep id="flash.display:DisplayObject" />
      <dep id="Math" />
      <dep id="com.longtailvideo.jwplayer.player:PlayerState" />
      <dep id="com.longtailvideo.jwplayer.utils:Stretcher" />
      <dep id="com.longtailvideo.jwplayer.model:PlayerConfig" />
      <dep id="flash.display:MovieClip" />
    </script>
    <script name="/Projects/player/trunk/fl5/src/com/longtailvideo/jwplayer/utils/Draw.as" mod="1300363653000" size="2218" optimizedsize="1491">
      <def id="com.longtailvideo.jwplayer.utils:Draw" />
      <pre id="Object" />
      <dep id="flash.utils:getQualifiedClassName" />
      <dep id="flash.display:BitmapData" />
      <dep id="AS3" />
      <dep id="flash.display:DisplayObjectContainer" />
      <dep id="flash.display:DisplayObject" />
      <dep id="flash.display:Bitmap" />
      <dep id="Error" />
      <dep id="flash.display:Sprite" />
    </script>
    <script name="/Projects/player/trunk/fl5/src/com/longtailvideo/jwplayer/model/IPlaylist.as" mod="1300363653000" size="1992" optimizedsize="481">
      <def id="com.longtailvideo.jwplayer.model:IPlaylist" />
      <pre id="com.longtailvideo.jwplayer.events:IGlobalEventDispatcher" />
      <pre id="Object" />
      <dep id="com.longtailvideo.jwplayer.model:PlaylistItem" />
      <dep id="com.longtailvideo.jwplayer.events:PlaylistEvent" />
      <dep id="com.longtailvideo.jwplayer.events:PlayerEvent" />
      <dep id="AS3" />
    </script>
    <script name="/Projects/player/trunk/fl5/src/com/longtailvideo/jwplayer/utils/NetClient.as" mod="1306751024000" size="3825" optimizedsize="1691">
      <def id="com.longtailvideo.jwplayer.utils:NetClient" />
      <pre id="Object" />
      <dep id="AS3" />
    </script>
    <script name="/Developer/SDKs/flex_sdk_4/frameworks/libs/flex.swc(mx.core:MovieClipAsset)" mod="1265215569310" size="1670" optimizedsize="929">
      <def id="mx.core:MovieClipAsset" />
      <pre id="mx.core:IFlexAsset" />
      <pre id="mx.core:FlexMovieClip" />
      <pre id="mx.core:IFlexDisplayObject" />
      <pre id="mx.core:IBorder" />
      <dep id="AS3" />
      <dep id="Math" />
      <dep id="mx.core:EdgeMetrics" />
      <dep id="mx.core:mx_internal" />
    </script>
    <script name="/Projects/player/trunk/fl5/src/com/jeroenwijering/events/ControllerEvent.as" mod="1300363653000" size="1105" optimizedsize="511">
      <def id="com.jeroenwijering.events:ControllerEvent" />
      <pre id="flash.events:Event" />
      <dep id="AS3" />
    </script>
    <script name="/Projects/player/trunk/fl5/src/com/longtailvideo/jwplayer/model/PlaylistItemLevel.as" mod="1301651692000" size="791" optimizedsize="359">
      <def id="com.longtailvideo.jwplayer.model:PlaylistItemLevel" />
      <pre id="Object" />
      <dep id="AS3" />
    </script>
    <script name="/Projects/player/trunk/fl5/src/com/longtailvideo/jwplayer/view/PlayerLayoutManager.as" mod="1300363653000" size="4126" optimizedsize="2478">
      <def id="com.longtailvideo.jwplayer.view:PlayerLayoutManager" />
      <pre id="Object" />
      <dep id="AS3" />
      <dep id="flash.geom:Rectangle" />
      <dep id="com.longtailvideo.jwplayer.player:IPlayer" />
      <dep id="com.longtailvideo.jwplayer.plugins:PluginConfig" />
    </script>
    <script name="/Projects/player/trunk/fl5/libs/as3corelib.swc(com.adobe.serialization.json:JSONToken)" mod="1259852018000" size="992" optimizedsize="369">
      <def id="com.adobe.serialization.json:JSONToken" />
      <pre id="Object" />
      <dep id="AS3" />
    </script>
    <script name="/Projects/player/trunk/fl5/src/com/longtailvideo/jwplayer/events/GlobalEventDispatcher.as" mod="1300363653000" size="1439" optimizedsize="726">
      <def id="com.longtailvideo.jwplayer.events:GlobalEventDispatcher" />
      <pre id="flash.events:EventDispatcher" />
      <pre id="com.longtailvideo.jwplayer.events:IGlobalEventDispatcher" />
      <dep id="flash.events:Event" />
      <dep id="flash.events:IEventDispatcher" />
      <dep id="AS3" />
      <dep id="flash.utils:Dictionary" />
    </script>
    <script name="/Projects/player/trunk/fl5/src/com/longtailvideo/jwplayer/view/RightclickMenu.as" mod="1308912577000" size="3581" optimizedsize="2184">
      <def id="com.longtailvideo.jwplayer.view:RightclickMenu" />
      <pre id="com.longtailvideo.jwplayer.events:GlobalEventDispatcher" />
      <dep id="flash.net:URLRequest" />
      <dep id="com.longtailvideo.jwplayer.utils:Configger" />
      <dep id="flash.ui:ContextMenu" />
      <dep id="com.longtailvideo.jwplayer.utils:Logger" />
      <dep id="flash.net:navigateToURL" />
      <dep id="flash.ui:ContextMenuItem" />
      <dep id="Error" />
      <dep id="flash.events:ContextMenuEvent" />
      <dep id="com.longtailvideo.jwplayer.events:ViewEvent" />
      <dep id="AS3" />
      <dep id="flash.system:Capabilities" />
      <dep id="com.longtailvideo.jwplayer.player:IPlayer" />
      <dep id="com.longtailvideo.jwplayer.utils:Stretcher" />
      <dep id="flash.display:MovieClip" />
    </script>
    <script name="com/longtailvideo/jwplayer/view/View_ErrorScreen.as" mod="1300363650000" size="1163" optimizedsize="709">
      <def id="com.longtailvideo.jwplayer.view:View_ErrorScreen" />
      <pre id="mx.core:MovieClipLoaderAsset" />
      <dep id="flash.utils:ByteArray" />
      <dep id="AS3" />
      <dep id="com.longtailvideo.jwplayer.view:View_ErrorScreen_dataClass" />
    </script>
    <script name="/Projects/player/trunk/fl5/src/com/longtailvideo/jwplayer/media/RTMPMediaProvider.as" mod="1301925353000" size="16971" optimizedsize="10994">
      <def id="com.longtailvideo.jwplayer.media:RTMPMediaProvider" />
      <pre id="com.longtailvideo.jwplayer.media:MediaProvider" />
      <dep id="flash.events:Event" />
      <dep id="flash.utils:setInterval" />
      <dep id="flash.net:ObjectEncoding" />
      <dep id="com.longtailvideo.jwplayer.utils:NetClient" />
      <dep id="flash.events:AsyncErrorEvent" />
      <dep id="com.longtailvideo.jwplayer.utils:Configger" />
      <dep id="com.longtailvideo.jwplayer.parsers:LoadbalanceParser" />
      <dep id="flash.media:SoundTransform" />
      <dep id="Math" />
      <dep id="com.longtailvideo.jwplayer.utils:Logger" />
      <dep id="com.longtailvideo.jwplayer.model:PlaylistItemLevel" />
      <dep id="flash.net:NetStreamPlayTransitions" />
      <dep id="flash.utils:clearInterval" />
      <dep id="com.longtailvideo.jwplayer.events:PlayerEvent" />
      <dep id="Date" />
      <dep id="AS3" />
      <dep id="com.longtailvideo.jwplayer.utils:AssetLoader" />
      <dep id="flash.utils:Dictionary" />
      <dep id="com.longtailvideo.jwplayer.model:PlayerConfig" />
      <dep id="flash.net:NetConnection" />
      <dep id="flash.events:NetStatusEvent" />
      <dep id="flash.events:ErrorEvent" />
      <dep id="com.longtailvideo.jwplayer.model:PlaylistItem" />
      <dep id="com.longtailvideo.jwplayer.events:MediaEvent" />
      <dep id="flash.events:IOErrorEvent" />
      <dep id="flash.events:SecurityErrorEvent" />
      <dep id="Error" />
      <dep id="flash.utils:setTimeout" />
      <dep id="flash.net:Responder" />
      <dep id="flash.net:NetStream" />
      <dep id="com.longtailvideo.jwplayer.player:PlayerState" />
      <dep id="flash.net:NetStreamPlayOptions" />
      <dep id="flash.media:Video" />
      <dep id="XML" />
      <dep id="com.wowza.encryptionAS3:TEA" />
    </script>
    <script name="/Projects/player/trunk/fl5/src/com/longtailvideo/jwplayer/player/Player.as" mod="1300363653000" size="6586" optimizedsize="2868">
      <def id="com.longtailvideo.jwplayer.player:Player" />
      <pre id="com.longtailvideo.jwplayer.events:IGlobalEventDispatcher" />
      <pre id="com.longtailvideo.jwplayer.player:IPlayer" />
      <pre id="flash.display:Sprite" />
      <dep id="flash.events:Event" />
      <dep id="com.longtailvideo.jwplayer.utils:RootReference" />
      <dep id="com.longtailvideo.jwplayer.view:IPlayerComponents" />
      <dep id="com.longtailvideo.jwplayer.utils:Logger" />
      <dep id="com.longtailvideo.jwplayer.player:JavascriptAPI" />
      <dep id="com.longtailvideo.jwplayer.controller:Controller" />
      <dep id="Error" />
      <dep id="com.longtailvideo.jwplayer.view:View" />
      <dep id="com.longtailvideo.jwplayer.view.interfaces:ISkin" />
      <dep id="com.longtailvideo.jwplayer.events:PlayerEvent" />
      <dep id="com.longtailvideo.jwplayer.model:IPlaylist" />
      <dep id="com.longtailvideo.jwplayer.player:PlayerVersion" />
      <dep id="com.longtailvideo.jwplayer.events:GlobalEventDispatcher" />
      <dep id="AS3" />
      <dep id="com.longtailvideo.jwplayer.model:Model" />
      <dep id="com.longtailvideo.jwplayer.plugins:IPlugin" />
      <dep id="flash.display:DisplayObject" />
      <dep id="com.longtailvideo.jwplayer.view.interfaces:IPlayerComponent" />
      <dep id="com.longtailvideo.jwplayer.model:PlayerConfig" />
      <dep id="com.longtailvideo.jwplayer.player:JavascriptCompatibilityAPI" />
    </script>
    <script name="/Projects/player/trunk/fl5/src/com/longtailvideo/jwplayer/utils/Configger.as" mod="1300363653000" size="3886" optimizedsize="2126">
      <def id="com.longtailvideo.jwplayer.utils:Configger" />
      <pre id="flash.events:EventDispatcher" />
      <dep id="flash.events:Event" />
      <dep id="com.longtailvideo.jwplayer.utils:RootReference" />
      <dep id="flash.net:SharedObject" />
      <dep id="flash.net:URLRequest" />
      <dep id="AS3" />
      <dep id="com.longtailvideo.jwplayer.utils:Strings" />
      <dep id="flash.events:IOErrorEvent" />
      <dep id="flash.net:URLLoader" />
      <dep id="XML" />
      <dep id="flash.events:SecurityErrorEvent" />
      <dep id="Error" />
      <dep id="flash.events:ErrorEvent" />
    </script>
    <script name="/Projects/player/trunk/fl5/src/com/longtailvideo/jwplayer/events/PlayerEvent.as" mod="1300363653000" size="1692" optimizedsize="1010">
      <def id="com.longtailvideo.jwplayer.events:PlayerEvent" />
      <pre id="flash.events:Event" />
      <dep id="com.longtailvideo.jwplayer.player:PlayerVersion" />
      <dep id="AS3" />
      <dep id="flash.external:ExternalInterface" />
      <dep id="flash.system:Capabilities" />
      <dep id="Error" />
    </script>
    <script name="/Projects/player/trunk/fl5/src/com/longtailvideo/jwplayer/view/components/DockButton.as" mod="1300363653000" size="4250" optimizedsize="2198">
      <def id="com.longtailvideo.jwplayer.view.components:DockButton" />
      <pre id="com.longtailvideo.jwplayer.view.components:ComponentButton" />
      <dep id="com.longtailvideo.jwplayer.model:Color" />
      <dep id="flash.events:MouseEvent" />
      <dep id="flash.text:TextFormat" />
      <dep id="AS3" />
      <dep id="flash.text:TextField" />
      <dep id="flash.display:DisplayObject" />
      <dep id="flash.text:TextFormatAlign" />
      <dep id="flash.geom:ColorTransform" />
      <dep id="flash.display:Sprite" />
    </script>
    <script name="/Projects/player/trunk/fl5/src/com/longtailvideo/jwplayer/utils/RootReference.as" mod="1302850619000" size="1065" optimizedsize="494">
      <def id="com.longtailvideo.jwplayer.utils:RootReference" />
      <pre id="Object" />
      <dep id="flash.system:Security" />
      <dep id="AS3" />
      <dep id="flash.display:DisplayObject" />
      <dep id="flash.display:Stage" />
      <dep id="Error" />
    </script>
    <script name="_56951b4ed28900084f68a7533f2ab3724d20e311d003f0cf1c541d07c325fef4_flash_display_Sprite.as" mod="1309794417707" size="1147" optimizedsize="511">
      <def id="_56951b4ed28900084f68a7533f2ab3724d20e311d003f0cf1c541d07c325fef4_flash_display_Sprite" />
      <pre id="flash.display:Sprite" />
      <dep id="flash.system:Security" />
      <dep id="AS3" />
    </script>
    <script name="/Projects/player/trunk/fl5/src/com/longtailvideo/jwplayer/view/skins/SkinBase.as" mod="1300363653000" size="2501" optimizedsize="1210">
      <def id="com.longtailvideo.jwplayer.view.skins:SkinBase" />
      <pre id="com.longtailvideo.jwplayer.view.interfaces:ISkin" />
      <pre id="flash.events:EventDispatcher" />
      <dep id="flash.events:Event" />
      <dep id="AS3" />
      <dep id="flash.display:DisplayObjectContainer" />
      <dep id="flash.display:DisplayObject" />
      <dep id="com.longtailvideo.jwplayer.view.skins:SkinProperties" />
      <dep id="flash.events:ErrorEvent" />
      <dep id="flash.display:Sprite" />
    </script>
    <script name="/Projects/player/trunk/fl5/src/com/longtailvideo/jwplayer/view/components/Slider.as" mod="1306751024000" size="5675" optimizedsize="2980">
      <def id="com.longtailvideo.jwplayer.view.components:Slider" />
      <pre id="flash.display:Sprite" />
      <dep id="com.longtailvideo.jwplayer.utils:RootReference" />
      <dep id="ArgumentError" />
      <dep id="flash.events:MouseEvent" />
      <dep id="AS3" />
      <dep id="com.longtailvideo.jwplayer.events:ViewEvent" />
      <dep id="flash.geom:Rectangle" />
      <dep id="flash.display:DisplayObject" />
      <dep id="Math" />
      <dep id="flash.geom:ColorTransform" />
    </script>
    <script name="/Projects/player/trunk/fl5/src/com/longtailvideo/jwplayer/player/PlayerV4Emulation.as" mod="1300363653000" size="13820" optimizedsize="8043">
      <def id="com.longtailvideo.jwplayer.player:PlayerV4Emulation" />
      <pre id="com.jeroenwijering.events:AbstractView" />
      <dep id="com.jeroenwijering.events:ControllerEvent" />
      <dep id="com.longtailvideo.jwplayer.utils:Strings" />
      <dep id="com.longtailvideo.jwplayer.utils:Logger" />
      <dep id="com.longtailvideo.jwplayer.plugins:PluginConfig" />
      <dep id="com.longtailvideo.jwplayer.utils:JavascriptSerialization" />
      <dep id="com.longtailvideo.jwplayer.view.interfaces:IDisplayComponent" />
      <dep id="com.longtailvideo.jwplayer.view.interfaces:IPlaylistComponent" />
      <dep id="com.longtailvideo.jwplayer.events:PlayerEvent" />
      <dep id="AS3" />
      <dep id="com.longtailvideo.jwplayer.events:PlayerStateEvent" />
      <dep id="com.longtailvideo.jwplayer.plugins:IPlugin" />
      <dep id="com.jeroenwijering.events:ModelEvent" />
      <dep id="com.jeroenwijering.events:PlayerEvent" />
      <dep id="com.longtailvideo.jwplayer.plugins:V4Plugin" />
      <dep id="flash.utils:describeType" />
      <dep id="com.longtailvideo.jwplayer.events:MediaEvent" />
      <dep id="com.longtailvideo.jwplayer.view.interfaces:IControlbarComponent" />
      <dep id="flash.net:URLRequest" />
      <dep id="com.jeroenwijering.events:ModelStates" />
      <dep id="flash.net:navigateToURL" />
      <dep id="Error" />
      <dep id="com.longtailvideo.jwplayer.view.interfaces:IDockComponent" />
      <dep id="com.jeroenwijering.events:ViewEvent" />
      <dep id="com.longtailvideo.jwplayer.events:PlaylistEvent" />
      <dep id="flash.events:EventDispatcher" />
      <dep id="com.longtailvideo.jwplayer.events:ViewEvent" />
      <dep id="com.longtailvideo.jwplayer.player:PlayerState" />
      <dep id="flash.display:DisplayObject" />
      <dep id="XML" />
      <dep id="com.longtailvideo.jwplayer.player:IPlayer" />
    </script>
    <script name="/Developer/SDKs/flex_sdk_4/frameworks/libs/flex.swc(mx.core:EdgeMetrics)" mod="1265215569607" size="860" optimizedsize="413">
      <def id="mx.core:EdgeMetrics" />
      <pre id="Object" />
      <dep id="AS3" />
      <dep id="mx.core:mx_internal" />
    </script>
    <script name="/Projects/player/trunk/fl5/src/com/longtailvideo/jwplayer/controller/PluginLoader.as" mod="1300363653000" size="3644" optimizedsize="1857">
      <def id="com.longtailvideo.jwplayer.controller:PluginLoader" />
      <pre id="flash.events:EventDispatcher" />
      <dep id="flash.events:Event" />
      <dep id="AS3" />
      <dep id="com.longtailvideo.jwplayer.utils:Strings" />
      <dep id="flash.display:DisplayObject" />
      <dep id="com.longtailvideo.jwplayer.utils:AssetLoader" />
      <dep id="flash.utils:Dictionary" />
      <dep id="flash.events:ErrorEvent" />
    </script>
    <script name="/Projects/player/trunk/fl5/src/com/longtailvideo/jwplayer/model/Color.as" mod="1300363653000" size="1075" optimizedsize="583">
      <def id="com.longtailvideo.jwplayer.model:Color" />
      <pre id="Object" />
      <dep id="AS3" />
      <dep id="com.longtailvideo.jwplayer.utils:TypeChecker" />
      <dep id="Error" />
    </script>
    <script name="com/longtailvideo/jwplayer/view/skins/DefaultSkin_EmbeddedSkin_dataClass.as" mod="1306751023000" size="922" optimizedsize="325">
      <def id="com.longtailvideo.jwplayer.view.skins:DefaultSkin_EmbeddedSkin_dataClass" />
      <pre id="mx.core:ByteArrayAsset" />
      <dep id="AS3" />
    </script>
    <script name="/Projects/player/trunk/fl5/src/com/jeroenwijering/events/ModelEvent.as" mod="1300363653000" size="956" optimizedsize="438">
      <def id="com.jeroenwijering.events:ModelEvent" />
      <pre id="flash.events:Event" />
      <dep id="AS3" />
    </script>
    <script name="/Developer/SDKs/flex_sdk_4/frameworks/libs/flex.swc(mx.core:IBorder)" mod="1265215569560" size="421" optimizedsize="153">
      <def id="mx.core:IBorder" />
      <pre id="Object" />
      <dep id="AS3" />
      <dep id="mx.core:EdgeMetrics" />
    </script>
    <script name="/Projects/player/trunk/fl5/src/com/longtailvideo/jwplayer/view/interfaces/IDockComponent.as" mod="1308912577000" size="1278" optimizedsize="382">
      <def id="com.longtailvideo.jwplayer.view.interfaces:IDockComponent" />
      <pre id="com.longtailvideo.jwplayer.view.interfaces:IPlayerComponent" />
      <pre id="Object" />
      <dep id="com.longtailvideo.jwplayer.events:ComponentEvent" />
      <dep id="AS3" />
      <dep id="flash.display:DisplayObject" />
      <dep id="flash.display:MovieClip" />
    </script>
    <script name="/Projects/player/trunk/fl5/libs/as3corelib.swc(com.adobe.serialization.json:JSONParseError)" mod="1259852018000" size="887" optimizedsize="366">
      <def id="com.adobe.serialization.json:JSONParseError" />
      <pre id="Error" />
      <dep id="AS3" />
    </script>
    <script name="/Projects/player/trunk/fl5/src/com/longtailvideo/jwplayer/utils/Strings.as" mod="1308912577000" size="4401" optimizedsize="2556">
      <def id="com.longtailvideo.jwplayer.utils:Strings" />
      <pre id="Object" />
      <dep id="AS3" />
      <dep id="com.longtailvideo.jwplayer.utils:Logger" />
      <dep id="Math" />
      <dep id="com.adobe.serialization.json:JSONDecoder" />
      <dep id="XML" />
      <dep id="Error" />
    </script>
    <script name="/Developer/SDKs/flex_sdk_4/frameworks/libs/flash-integration.swc(mx.core:mx_internal)" mod="1265215569279" size="182" optimizedsize="109">
      <def id="mx.core:mx_internal" />
      <dep id="AS3" />
    </script>
    <script name="/Developer/SDKs/flex_sdk_4/frameworks/libs/flex.swc(mx.core:IFlexAsset)" mod="1265215569919" size="315" optimizedsize="98">
      <def id="mx.core:IFlexAsset" />
      <pre id="Object" />
      <dep id="AS3" />
    </script>
    <script name="/Projects/player/trunk/fl5/src/com/longtailvideo/jwplayer/view/interfaces/IPlaylistComponent.as" mod="1308912577000" size="571" optimizedsize="162">
      <def id="com.longtailvideo.jwplayer.view.interfaces:IPlaylistComponent" />
      <pre id="com.longtailvideo.jwplayer.view.interfaces:IPlayerComponent" />
      <pre id="Object" />
      <dep id="AS3" />
      <dep id="com.longtailvideo.jwplayer.events:ViewEvent" />
    </script>
    <script name="/Projects/player/trunk/fl5/src/com/jeroenwijering/events/AbstractView.as" mod="1300363653000" size="2195" optimizedsize="828">
      <def id="com.jeroenwijering.events:AbstractView" />
      <pre id="flash.events:EventDispatcher" />
      <dep id="AS3" />
      <dep id="flash.display:MovieClip" />
    </script>
    <script name="/Projects/player/trunk/fl5/src/com/longtailvideo/jwplayer/parsers/MediaParser.as" mod="1308912577000" size="1847" optimizedsize="1294">
      <def id="com.longtailvideo.jwplayer.parsers:MediaParser" />
      <pre id="Object" />
      <dep id="AS3" />
      <dep id="com.longtailvideo.jwplayer.utils:Strings" />
      <dep id="XML" />
    </script>
    <script name="/Projects/player/trunk/fl5/src/com/longtailvideo/jwplayer/view/interfaces/IDisplayComponent.as" mod="1308912577000" size="1194" optimizedsize="318">
      <def id="com.longtailvideo.jwplayer.view.interfaces:IDisplayComponent" />
      <pre id="com.longtailvideo.jwplayer.view.interfaces:IPlayerComponent" />
      <pre id="Object" />
      <dep id="com.longtailvideo.jwplayer.events:ComponentEvent" />
      <dep id="AS3" />
      <dep id="com.longtailvideo.jwplayer.events:ViewEvent" />
      <dep id="flash.display:DisplayObject" />
    </script>
    <script name="/Projects/player/trunk/fl5/src/com/longtailvideo/jwplayer/parsers/ParserFactory.as" mod="1302611694000" size="1274" optimizedsize="819">
      <def id="com.longtailvideo.jwplayer.parsers:ParserFactory" />
      <pre id="Object" />
      <dep id="com.longtailvideo.jwplayer.parsers:RSSParser" />
      <dep id="AS3" />
      <dep id="com.longtailvideo.jwplayer.parsers:ASXParser" />
      <dep id="com.longtailvideo.jwplayer.utils:Logger" />
      <dep id="com.longtailvideo.jwplayer.parsers:IPlaylistParser" />
      <dep id="XML" />
      <dep id="com.longtailvideo.jwplayer.parsers:XSPFParser" />
      <dep id="Error" />
      <dep id="com.longtailvideo.jwplayer.parsers:SMILParser" />
      <dep id="com.longtailvideo.jwplayer.parsers:ATOMParser" />
    </script>
    <script name="/Developer/SDKs/flex_sdk_4/frameworks/libs/flex.swc(mx.utils:NameUtil)" mod="1265215574669" size="1894" optimizedsize="1264">
      <def id="mx.utils:NameUtil" />
      <pre id="Object" />
      <dep id="mx.core:IRepeaterClient" />
      <dep id="SecurityError" />
      <dep id="flash.utils:getQualifiedClassName" />
      <dep id="AS3" />
      <dep id="flash.display:DisplayObject" />
      <dep id="mx.core:mx_internal" />
    </script>
    <script name="/Projects/player/trunk/fl5/src/com/longtailvideo/jwplayer/player/PlayerVersion.as" mod="1309333553000" size="709" optimizedsize="307">
      <def id="com.longtailvideo.jwplayer.player:PlayerVersion" />
      <pre id="Object" />
      <dep id="AS3" />
    </script>
    <script name="/Projects/player/trunk/fl5/src/com/longtailvideo/jwplayer/view/skins/PNGSkin.as" mod="1300363653000" size="6242" optimizedsize="3810">
      <def id="com.longtailvideo.jwplayer.view.skins:PNGSkin" />
      <pre id="com.longtailvideo.jwplayer.view.skins:SkinBase" />
      <pre id="com.longtailvideo.jwplayer.view.interfaces:ISkin" />
      <dep id="flash.events:Event" />
      <dep id="com.longtailvideo.jwplayer.utils:Strings" />
      <dep id="com.longtailvideo.jwplayer.utils:Logger" />
      <dep id="com.longtailvideo.jwplayer.view.skins:SkinProperties" />
      <dep id="XMLList" />
      <dep id="Error" />
      <dep id="AS3" />
      <dep id="flash.display:DisplayObject" />
      <dep id="com.longtailvideo.jwplayer.utils:AssetLoader" />
      <dep id="flash.display:Bitmap" />
      <dep id="XML" />
      <dep id="flash.utils:Dictionary" />
      <dep id="flash.display:MovieClip" />
      <dep id="flash.events:ErrorEvent" />
      <dep id="flash.display:Sprite" />
    </script>
    <script name="/Projects/player/trunk/fl5/src/com/longtailvideo/jwplayer/media/ImageMediaProvider.as" mod="1306751024000" size="3973" optimizedsize="2371">
      <def id="com.longtailvideo.jwplayer.media:ImageMediaProvider" />
      <pre id="com.longtailvideo.jwplayer.media:MediaProvider" />
      <dep id="com.longtailvideo.jwplayer.model:PlaylistItem" />
      <dep id="flash.utils:setInterval" />
      <dep id="flash.events:Event" />
      <dep id="com.longtailvideo.jwplayer.events:MediaEvent" />
      <dep id="flash.net:URLRequest" />
      <dep id="com.longtailvideo.jwplayer.utils:Logger" />
      <dep id="Math" />
      <dep id="flash.events:IOErrorEvent" />
      <dep id="flash.display:Loader" />
      <dep id="Error" />
      <dep id="flash.utils:clearInterval" />
      <dep id="flash.events:ProgressEvent" />
      <dep id="AS3" />
      <dep id="com.longtailvideo.jwplayer.utils:Draw" />
      <dep id="com.longtailvideo.jwplayer.player:PlayerState" />
      <dep id="flash.display:Bitmap" />
      <dep id="flash.system:LoaderContext" />
      <dep id="com.longtailvideo.jwplayer.model:PlayerConfig" />
      <dep id="flash.events:ErrorEvent" />
    </script>
    <script name="/Projects/player/trunk/fl5/src/com/longtailvideo/jwplayer/view/components/ComponentButton.as" mod="1300363653000" size="4525" optimizedsize="2147">
      <def id="com.longtailvideo.jwplayer.view.components:ComponentButton" />
      <pre id="flash.display:MovieClip" />
      <dep id="com.longtailvideo.jwplayer.model:Color" />
      <dep id="flash.events:MouseEvent" />
      <dep id="AS3" />
      <dep id="flash.display:DisplayObject" />
      <dep id="com.longtailvideo.jwplayer.utils:Logger" />
      <dep id="Error" />
      <dep id="flash.display:Sprite" />
    </script>
    <script name="/Developer/SDKs/flex_sdk_4/frameworks/libs/flash-integration.swc(mx.core:IFlexDisplayObject)" mod="1265215570044" size="6226" optimizedsize="1339">
      <def id="mx.core:IFlexDisplayObject" />
      <pre id="flash.events:IEventDispatcher" />
      <pre id="flash.display:IBitmapDrawable" />
      <pre id="Object" />
      <dep id="flash.accessibility:AccessibilityProperties" />
      <dep id="AS3" />
      <dep id="flash.geom:Rectangle" />
      <dep id="flash.display:DisplayObjectContainer" />
      <dep id="flash.display:DisplayObject" />
      <dep id="flash.display:LoaderInfo" />
      <dep id="flash.display:Stage" />
      <dep id="flash.geom:Point" />
      <dep id="flash.geom:Transform" />
    </script>
    <script name="/Projects/player/trunk/fl5/src/com/longtailvideo/jwplayer/model/Playlist.as" mod="1300363653000" size="5106" optimizedsize="3098">
      <def id="com.longtailvideo.jwplayer.model:Playlist" />
      <pre id="com.longtailvideo.jwplayer.model:IPlaylist" />
      <pre id="com.longtailvideo.jwplayer.events:GlobalEventDispatcher" />
      <dep id="com.longtailvideo.jwplayer.media:YouTubeMediaProvider" />
      <dep id="com.longtailvideo.jwplayer.parsers:JWParser" />
      <dep id="com.longtailvideo.jwplayer.model:PlaylistItem" />
      <dep id="flash.events:Event" />
      <dep id="com.longtailvideo.jwplayer.parsers:ParserFactory" />
      <dep id="com.longtailvideo.jwplayer.parsers:IPlaylistParser" />
      <dep id="Error" />
      <dep id="com.longtailvideo.jwplayer.events:PlaylistEvent" />
      <dep id="com.longtailvideo.jwplayer.events:PlayerEvent" />
      <dep id="AS3" />
      <dep id="com.longtailvideo.jwplayer.utils:AssetLoader" />
      <dep id="XML" />
      <dep id="flash.events:ErrorEvent" />
    </script>
    <script name="/Projects/player/trunk/fl5/src/com/longtailvideo/jwplayer/events/IGlobalEventDispatcher.as" mod="1300363653000" size="936" optimizedsize="319">
      <def id="com.longtailvideo.jwplayer.events:IGlobalEventDispatcher" />
      <pre id="flash.events:IEventDispatcher" />
      <pre id="Object" />
      <dep id="AS3" />
    </script>
    <script name="/Projects/player/trunk/fl5/libs/as3corelib.swc(com.adobe.serialization.json:JSONDecoder)" mod="1259852018000" size="2899" optimizedsize="1818">
      <def id="com.adobe.serialization.json:JSONDecoder" />
      <pre id="Object" />
      <dep id="com.adobe.serialization.json:JSONTokenizer" />
      <dep id="com.adobe.serialization.json:JSONToken" />
      <dep id="AS3" />
      <dep id="com.adobe.serialization.json:JSONTokenType" />
    </script>
    <script name="/Projects/player/trunk/fl5/src/com/longtailvideo/jwplayer/view/IPlayerComponents.as" mod="1300363653000" size="1347" optimizedsize="429">
      <def id="com.longtailvideo.jwplayer.view:IPlayerComponents" />
      <pre id="Object" />
      <dep id="com.longtailvideo.jwplayer.view.interfaces:IPlaylistComponent" />
      <dep id="com.longtailvideo.jwplayer.view.interfaces:IDisplayComponent" />
      <dep id="com.longtailvideo.jwplayer.view.interfaces:IControlbarComponent" />
      <dep id="AS3" />
      <dep id="com.longtailvideo.jwplayer.view.interfaces:IDockComponent" />
    </script>
    <script name="/Projects/player/trunk/fl5/src/com/longtailvideo/jwplayer/controller/RepeatOptions.as" mod="1300363653000" size="706" optimizedsize="338">
      <def id="com.longtailvideo.jwplayer.controller:RepeatOptions" />
      <pre id="Object" />
      <dep id="AS3" />
    </script>
    <script name="/Projects/player/trunk/fl5/src/com/longtailvideo/jwplayer/media/HTTPMediaProvider.as" mod="1306751024000" size="10387" optimizedsize="6323">
      <def id="com.longtailvideo.jwplayer.media:HTTPMediaProvider" />
      <pre id="com.longtailvideo.jwplayer.media:MediaProvider" />
      <dep id="com.longtailvideo.jwplayer.model:PlaylistItem" />
      <dep id="flash.utils:setInterval" />
      <dep id="com.longtailvideo.jwplayer.events:MediaEvent" />
      <dep id="com.longtailvideo.jwplayer.utils:NetClient" />
      <dep id="flash.events:AsyncErrorEvent" />
      <dep id="flash.utils:clearTimeout" />
      <dep id="com.longtailvideo.jwplayer.utils:Strings" />
      <dep id="com.longtailvideo.jwplayer.utils:Configger" />
      <dep id="flash.media:SoundTransform" />
      <dep id="Math" />
      <dep id="flash.events:IOErrorEvent" />
      <dep id="flash.utils:setTimeout" />
      <dep id="flash.utils:clearInterval" />
      <dep id="Date" />
      <dep id="AS3" />
      <dep id="com.longtailvideo.jwplayer.player:PlayerState" />
      <dep id="flash.net:NetStream" />
      <dep id="flash.media:Video" />
      <dep id="com.longtailvideo.jwplayer.model:PlayerConfig" />
      <dep id="flash.net:NetConnection" />
      <dep id="flash.events:ErrorEvent" />
      <dep id="flash.events:NetStatusEvent" />
    </script>
    <script name="/Projects/player/trunk/fl5/src/com/wowza/encryptionAS3/TEA.as" mod="1300363653000" size="3087" optimizedsize="1738">
      <def id="com.wowza.encryptionAS3:TEA" />
      <pre id="Object" />
      <dep id="AS3" />
      <dep id="Math" />
    </script>
    <script name="/Projects/player/trunk/fl5/src/com/longtailvideo/jwplayer/player/IPlayer.as" mod="1300363653000" size="3635" optimizedsize="991">
      <def id="com.longtailvideo.jwplayer.player:IPlayer" />
      <pre id="flash.events:IEventDispatcher" />
      <pre id="com.longtailvideo.jwplayer.events:IGlobalEventDispatcher" />
      <pre id="Object" />
      <dep id="com.longtailvideo.jwplayer.view.interfaces:ISkin" />
      <dep id="com.longtailvideo.jwplayer.model:IPlaylist" />
      <dep id="com.longtailvideo.jwplayer.view:IPlayerComponents" />
      <dep id="AS3" />
      <dep id="com.longtailvideo.jwplayer.plugins:IPlugin" />
      <dep id="com.longtailvideo.jwplayer.view.interfaces:IPlayerComponent" />
      <dep id="com.longtailvideo.jwplayer.model:PlayerConfig" />
    </script>
  </scripts>
  <external-defs>
    <ext id="flash.events:AsyncErrorEvent" />
    <ext id="flash.utils:ByteArray" />
    <ext id="Math" />
    <ext id="RegExp" />
    <ext id="flash.ui:ContextMenuItem" />
    <ext id="flash.system:ApplicationDomain" />
    <ext id="flash.display:Bitmap" />
    <ext id="flash.display:StageAlign" />
    <ext id="flash.net:navigateToURL" />
    <ext id="XMLList" />
    <ext id="flash.net:NetStream" />
    <ext id="flash.utils:setInterval" />
    <ext id="flash.events:Event" />
    <ext id="flash.display:BitmapData" />
    <ext id="AS3" />
    <ext id="flash.utils:describeType" />
    <ext id="flash.net:LocalConnection" />
    <ext id="flash.net:URLRequest" />
    <ext id="flash.events:IOErrorEvent" />
    <ext id="flash.utils:setTimeout" />
    <ext id="flash.events:FocusEvent" />
    <ext id="XML" />
    <ext id="flash.display:InteractiveObject" />
    <ext id="flash.ui:ContextMenu" />
    <ext id="flash.display:LoaderInfo" />
    <ext id="flash.events:IEventDispatcher" />
    <ext id="flash.geom:Rectangle" />
    <ext id="flash.net:Responder" />
    <ext id="flash.system:Capabilities" />
    <ext id="ArgumentError" />
    <ext id="flash.display:StageDisplayState" />
    <ext id="flash.text:TextFormatAlign" />
    <ext id="flash.utils:Dictionary" />
    <ext id="flash.events:ErrorEvent" />
    <ext id="flash.net:SharedObject" />
    <ext id="trace" />
    <ext id="Error" />
    <ext id="flash.events:EventDispatcher" />
    <ext id="flash.external:ExternalInterface" />
    <ext id="flash.media:Video" />
    <ext id="flash.media:SoundTransform" />
    <ext id="flash.media:ID3Info" />
    <ext id="flash.utils:clearInterval" />
    <ext id="flash.system:SecurityDomain" />
    <ext id="flash.display:IBitmapDrawable" />
    <ext id="Date" />
    <ext id="flash.events:StatusEvent" />
    <ext id="flash.geom:ColorTransform" />
    <ext id="flash.events:SecurityErrorEvent" />
    <ext id="flash.net:URLLoaderDataFormat" />
    <ext id="flash.events:ProgressEvent" />
    <ext id="flash.media:SoundChannel" />
    <ext id="flash.events:ContextMenuEvent" />
    <ext id="flash.text:TextField" />
    <ext id="flash.ui:Mouse" />
    <ext id="flash.display:DisplayObject" />
    <ext id="flash.net:ObjectEncoding" />
    <ext id="flash.accessibility:AccessibilityProperties" />
    <ext id="flash.net:URLLoader" />
    <ext id="Object" />
    <ext id="flash.net:NetConnection" />
    <ext id="flash.display:MovieClip" />
    <ext id="flash.events:NetStatusEvent" />
    <ext id="SecurityError" />
    <ext id="flash.text:GridFitType" />
    <ext id="flash.utils:IDataInput" />
    <ext id="flash.utils:Endian" />
    <ext id="flash.utils:Timer" />
    <ext id="flash.display:DisplayObjectContainer" />
    <ext id="flash.media:SoundLoaderContext" />
    <ext id="flash.net:NetStreamPlayTransitions" />
    <ext id="flash.text:TextFormat" />
    <ext id="flash.events:TimerEvent" />
    <ext id="flash.errors:IOError" />
    <ext id="flash.media:Sound" />
    <ext id="flash.display:Sprite" />
    <ext id="flash.display:Loader" />
    <ext id="flash.geom:Point" />
    <ext id="flash.events:MouseEvent" />
    <ext id="flash.display:Stage" />
    <ext id="flash.system:LoaderContext" />
    <ext id="flash.geom:Transform" />
    <ext id="flash.system:Security" />
    <ext id="flash.events:KeyboardEvent" />
    <ext id="flash.utils:getQualifiedClassName" />
    <ext id="flash.display:StageScaleMode" />
    <ext id="flash.text:TextFieldAutoSize" />
    <ext id="flash.utils:clearTimeout" />
    <ext id="flash.events:HTTPStatusEvent" />
    <ext id="flash.net:NetStreamPlayOptions" />
  </external-defs>
</report>
